-- phpMyAdmin SQL Dump
-- version 5.2.1
-- https://www.phpmyadmin.net/
--
-- Máy chủ: 127.0.0.1
-- Thời gian đã tạo: Th12 09, 2023 lúc 05:02 AM
-- Phiên bản máy phục vụ: 10.4.28-MariaDB
-- Phiên bản PHP: 8.1.17

SET SQL_MODE = "NO_AUTO_VALUE_ON_ZERO";
START TRANSACTION;
SET time_zone = "+00:00";


/*!40101 SET @OLD_CHARACTER_SET_CLIENT=@@CHARACTER_SET_CLIENT */;
/*!40101 SET @OLD_CHARACTER_SET_RESULTS=@@CHARACTER_SET_RESULTS */;
/*!40101 SET @OLD_COLLATION_CONNECTION=@@COLLATION_CONNECTION */;
/*!40101 SET NAMES utf8mb4 */;

--
-- Cơ sở dữ liệu: `db_movie`
--
CREATE DATABASE IF NOT EXISTS `db_movie` DEFAULT CHARACTER SET utf8mb4 COLLATE utf8mb4_general_ci;
USE `db_movie`;

-- --------------------------------------------------------

--
-- Cấu trúc bảng cho bảng `chairs`
--

CREATE TABLE `chairs` (
  `id` int(11) NOT NULL,
  `position` varchar(10) NOT NULL
) ENGINE=InnoDB DEFAULT CHARSET=utf8mb4 COLLATE=utf8mb4_general_ci;

--
-- Đang đổ dữ liệu cho bảng `chairs`
--

INSERT INTO `chairs` (`id`, `position`) VALUES
(1, 'A1'),
(10, 'A10'),
(11, 'A11'),
(12, 'A12'),
(2, 'A2'),
(3, 'A3'),
(4, 'A4'),
(5, 'A5'),
(6, 'A6'),
(7, 'A7'),
(8, 'A8'),
(9, 'A9'),
(13, 'B1'),
(22, 'B10'),
(23, 'B11'),
(24, 'B12'),
(14, 'B2'),
(15, 'B3'),
(16, 'B4'),
(17, 'B5'),
(18, 'B6'),
(19, 'B7'),
(20, 'B8'),
(21, 'B9'),
(25, 'C1'),
(34, 'C10'),
(35, 'C11'),
(36, 'C12'),
(26, 'C2'),
(27, 'C3'),
(28, 'C4'),
(29, 'C5'),
(30, 'C6'),
(31, 'C7'),
(32, 'C8'),
(33, 'C9'),
(37, 'D1'),
(46, 'D10'),
(47, 'D11'),
(48, 'D12'),
(38, 'D2'),
(39, 'D3'),
(40, 'D4'),
(41, 'D5'),
(42, 'D6'),
(43, 'D7'),
(44, 'D8'),
(45, 'D9'),
(49, 'E1'),
(58, 'E10'),
(59, 'E11'),
(60, 'E12'),
(50, 'E2'),
(51, 'E3'),
(52, 'E4'),
(53, 'E5'),
(54, 'E6'),
(55, 'E7'),
(56, 'E8'),
(57, 'E9');

-- --------------------------------------------------------

--
-- Cấu trúc bảng cho bảng `cinemas`
--

CREATE TABLE `cinemas` (
  `id` int(11) NOT NULL,
  `name` varchar(255) NOT NULL,
  `city_id` int(11) DEFAULT NULL
) ENGINE=InnoDB DEFAULT CHARSET=utf8mb4 COLLATE=utf8mb4_general_ci;

--
-- Đang đổ dữ liệu cho bảng `cinemas`
--

INSERT INTO `cinemas` (`id`, `name`, `city_id`) VALUES
(2, 'Lotte Hà Nội', 1),
(3, 'BHD Hà Nội', 1),
(4, 'CGV Đà nẵng', 2),
(5, 'Lotte Đà nẵng', 2),
(6, 'BHD Đà nẵng', 2),
(7, 'CGV HCM', 3),
(8, 'Lotte HCM', 3),
(9, 'BHD HCM', 3);

-- --------------------------------------------------------

--
-- Cấu trúc bảng cho bảng `citys`
--

CREATE TABLE `citys` (
  `id` int(11) NOT NULL,
  `name` varchar(255) NOT NULL
) ENGINE=InnoDB DEFAULT CHARSET=utf8mb4 COLLATE=utf8mb4_general_ci;

--
-- Đang đổ dữ liệu cho bảng `citys`
--

INSERT INTO `citys` (`id`, `name`) VALUES
(1, 'Hà Nội'),
(2, 'Đà nẵng'),
(3, 'HCM');

-- --------------------------------------------------------

--
-- Cấu trúc bảng cho bảng `movies`
--

CREATE TABLE `movies` (
  `id` int(11) NOT NULL,
  `category` varchar(255) NOT NULL,
  `description` text NOT NULL,
  `director` varchar(255) NOT NULL,
  `image` varchar(255) NOT NULL,
  `language` varchar(255) NOT NULL,
  `name` varchar(255) NOT NULL,
  `premiere` date NOT NULL,
  `time` int(11) NOT NULL,
  `view` int(11) NOT NULL,
  `age_limit` int(11) NOT NULL,
  `format` varchar(255) DEFAULT NULL
) ENGINE=InnoDB DEFAULT CHARSET=utf8mb4 COLLATE=utf8mb4_general_ci;

--
-- Đang đổ dữ liệu cho bảng `movies`
--

INSERT INTO `movies` (`id`, `category`, `description`, `director`, `image`, `language`, `name`, `premiere`, `time`, `view`, `age_limit`, `format`) VALUES
(1, 'Hành Động', 'Vì số tiền công hậu hĩnh lên đến 2,5 triệu USD, tay cựu quân nhân Jung Seok quyết định trở lại “Bán Đảo” nhằm thu hồi một kiện hàng nọ. Tuy nhiên, đón đợi Jung Seok và đồng đội trở về là cuộc phục kích của những chiến hữu cũ và sự tấn công của lũ zombie khát máu. Được gia đình Min Jung giải cứu, Jung Seok phải tìm cách đào thoát khỏi nơi đây trước khi mặt trời ló dạng.', 'Sang-ho Yeon', 'images/ban_dao_peninsula.jpg', '90', 'BÁN ĐẢO PENINSULA', '2023-12-05', 90, 876, 0, ' '),
(32, 'Hồi hộp, Kinh Dị', 'Năm người lính Mỹ được giao nhiệm vụ canh giữ một dinh thự tại Pháp trong những năm cuối Thế chiến II. Họ rơi vào tình trạng hoảng loạn khi gặp phải một kẻ thù còn đáng sợ hơn rất nhiều những gì họ từng trải qua trên chiến trường.', 'Eric Bress', 'images/poster.jpg', '95', 'DINH THỰ OAN KHUẤT', '2023-12-05', 95, 708, 0, ' '),
(33, 'Hài, Kinh Dị', 'Một cuốn nhật ký chứa đựng câu chuyện cuộc đời đầy bất hạnh của Galih, chàng trai đã tự sát trong chính căn nhà Naya đang ở. Ngoài Galih ra một hồn ma bí ẩn khác đã tạo nên sự hỗn loạn trong căn nhà và cuộc sống của Maya. Các bí ẩn của cuốn nhật ký có giúp cho Galih siêu thoát và Maya trở về cuộc sống yên bình?', 'Bene Dion Rajagukguk', 'images/ghost_writer_main_poster.jpg', '99', 'HỒN MA VĂN SĨ', '2023-12-05', 99, 912, 0, ' '),
(34, 'Hành Động, Tội phạm', 'Rachel (Caren Pistorius thủ vai) là một người mẹ đơn thân đang phải đối mặt với nhiều những vấn đề trong cuộc sống. Không giữ được bình tĩnh trong một buổi sáng đột nhiên bị mất việc, cô vô tình nặng lời với một người đàn ông (Russell Crowe) trên chiếc xe chắn đường mình. Rachel không hề biết rằng gã đàn ông mà cô vô tình gây hấn chính là một kẻ có vấn đề về tâm lý, điên cuồng, tàn độc và sẵn sàng “dạy dỗ” người khác bằng những bài học chết người. Cô và những người thân yêu của mình liệu có toàn mạng trong cuộc rượt đuổi đó?', 'Derrick Borte', 'images/poster_kcs_5_1_.jpg', '91', 'KẺ CUỒNG SÁT', '2023-12-05', 91, 436, 0, ' '),
(35, 'Gia đình, Phiêu Lưu, Tâm Lý, Thần thoại', 'Chuyển thể từ cuốn sách Những cuộc phiêu lưu của Pinocchio của nhà văn người Ý Carlo Collodi từng làm say mê bao thế hệ độc giả khắp thế giới, bộ phim kể về Pinocchio - chú bé người gỗ do bác thợ mộc Gepetto tạo nên, khao khát trở thành một câu bé đích thực bằng xương bằng thịt. Với chất liệu văn học tuyệt vời, cùng diễn xuất ấn tượng của chủ nhân tượng vàng Oscar - Roberto Benigni, phim đã nhận về 15 đề cử David di Donatello 2020 – giải thưởng điện ảnh cao quý, được xem như Oscars của Ý, bao gồm đề cử cho Đạo diễn xuất sắc nhất và Phim xuất sắc nhất.', 'Matteo Garrone', 'images/pinocchio_2.jpg', '125', 'CẬU BÉ NGƯỜI GỖ PINOCCHIO', '2023-12-05', 125, 442, 0, ' '),
(36, 'Hoạt Hình', '(Khởi chiếu lại ngày 31.7.2020) Lấy bối cảnh tại thành phố giả tưởng San Fransokyo, thiên tài chế tạo robot Hiro Hamada, nhờ sự định hướng và cổ vũ của người anh trai Tadashi, quyết tâm sử dụng tài năng thiên bẩm của mình một cách nghiêm túc và giúp ích cho cộng đồng. Nhưng bỗng một biến cố bất ngờ ập đến đe dọa San Fransokyo, Hiro cùng với chú robot Baymax tự chế tạo ra, đã hợp lực với những người bạn cùng chí hướng như Go Go Tamago, Wasabi, Honey Lemon và Fred để cùng nhau lên đường chiến đấu bảo vệ thành phố.', 'Don Hall; Chris Williams', 'images/14-11-07_-_big_hero_6_biet_doi_big_hero_6_v5-01_1_.jpg', '107', 'BIỆT ĐỘI BIG HERO 6', '2023-12-05', 107, 903, 16, '2D'),
(37, 'Hoạt Hình', 'Phim là câu chuyện kể về Freddy Lupin - người thừa kế một gia đình sói quý tộc. Vào sinh nhật lần thứ 13 của mình, Freddy phải thực hiện nghi lễ trưởng thành và biến hình thành sói trước sự chứng kiến của các thành viên trong gia tộc. Thế nhưng, cậu lại biến thành một chú chó lông xù (Poodle). Trong lúc tuyệt vọng và nghĩ rằng cuộc đời đã chấm hết, Freddy bắt đầu một cuộc phiêu lưu mới đầy thú vị và vui nhộn; nhưng bất ngờ khám phá ra sự thật về cái chết bí ẩn của cha mình, rồi biết được một thợ săn người sói đang lên kế hoạch tiêu diệt tất cả gia đình và bạn bè cậu. Với vẻ ngoài nhỏ bé của một chú cún, liệu Freddy có ngăn chặn được âm mưu độc ác và chứng minh mình là sói 100%?', 'Alexs Stadermann', 'images/poster_soi_100_payoff.jpg', '96', 'SÓI 100%', '2023-12-05', 96, 190, 0, ' '),
(38, 'Hài, Kinh Dị, Tình cảm', 'Yêu Nhau Mùa Ế xoay quanh Lin, cô nàng có khả năng nhìn thấy ma quỷ. Sau khi chia tay bạn trai nam thần, cô cảm thấy mệt mỏi bởi chốn thành thị xô bồ nên quyết định… lên rừng ở ẩn. Xách ba lô đến một homestay vắng vẻ ở phía Bắc, Lin vô tình gặp gỡ chàng biên kịch gia trẻ tuổi Pud. Trải qua nhiều khoảnh khắc đáng nhớ, họ dần cảm mến nhau bất chấp sự đeo bám, phá phách của các oan hồn bản địa.', 'Nareubadee Wetchakam', 'images/ynme_poster_newversion_1_.jpg', '125', 'YÊU NHAU MÙA Ế', '2023-12-05', 125, 241, 0, ' '),
(42, 'hài', ' là rÁT GAY', 'Hữu Đảng', 'http://localhost:8080/files/hoa6.jpg', 'việt nam', 'HOA MỘC LAN', '2023-11-29', 109, 0, 5, 'KHÔNG');

-- --------------------------------------------------------

--
-- Cấu trúc bảng cho bảng `rooms`
--

CREATE TABLE `rooms` (
  `id` int(11) NOT NULL,
  `name` varchar(255) NOT NULL,
  `cinema_id` int(11) DEFAULT NULL
) ENGINE=InnoDB DEFAULT CHARSET=utf8mb4 COLLATE=utf8mb4_general_ci;

--
-- Đang đổ dữ liệu cho bảng `rooms`
--

INSERT INTO `rooms` (`id`, `name`, `cinema_id`) VALUES
(6, 'P01', 2),
(7, 'P02', 2),
(8, 'P03', 2),
(9, 'P04', 2),
(10, 'P05', 2),
(11, 'P01', 3),
(12, 'P02', 3),
(13, 'P03', 3),
(14, 'P04', 3),
(15, 'P05', 3),
(16, 'P01', 4),
(17, 'P02', 4),
(18, 'P03', 4),
(19, 'P04', 4),
(20, 'P05', 4),
(21, 'P01', 5),
(22, 'P02', 5),
(23, 'P03', 5),
(24, 'P04', 5),
(25, 'P05', 5),
(26, 'P01', 6),
(27, 'P02', 6),
(28, 'P03', 6),
(29, 'P04', 6),
(30, 'P05', 6),
(31, 'P01', 7),
(32, 'P02', 7),
(33, 'P03', 7),
(34, 'P04', 7),
(35, 'P05', 7),
(36, 'P01', 8),
(37, 'P02', 8),
(38, 'P03', 8),
(39, 'P04', 8),
(40, 'P05', 8),
(41, 'P01', 9),
(42, 'P02', 9),
(43, 'P03', 9),
(44, 'P04', 9),
(45, 'P05', 9),
(46, 'P06', 8);

-- --------------------------------------------------------

--
-- Cấu trúc bảng cho bảng `room_chairs`
--

CREATE TABLE `room_chairs` (
  `id` int(11) NOT NULL,
  `status` bit(1) NOT NULL,
  `chair_id` int(11) DEFAULT NULL,
  `room_id` int(11) DEFAULT NULL
) ENGINE=InnoDB DEFAULT CHARSET=utf8mb4 COLLATE=utf8mb4_general_ci;

--
-- Đang đổ dữ liệu cho bảng `room_chairs`
--

INSERT INTO `room_chairs` (`id`, `status`, `chair_id`, `room_id`) VALUES
(161, b'1', 1, 6),
(162, b'1', 2, 6),
(163, b'1', 3, 6),
(164, b'1', 4, 6),
(165, b'1', 5, 6),
(166, b'1', 6, 6),
(167, b'1', 7, 6),
(168, b'1', 8, 6),
(169, b'1', 9, 6),
(170, b'1', 10, 6),
(171, b'1', 11, 6),
(172, b'1', 12, 6),
(173, b'1', 13, 6),
(174, b'1', 14, 6),
(175, b'1', 15, 6),
(176, b'1', 16, 6),
(177, b'1', 17, 6),
(178, b'1', 18, 6),
(179, b'1', 19, 6),
(180, b'1', 20, 6),
(181, b'1', 21, 6),
(182, b'1', 22, 6),
(183, b'1', 23, 6),
(184, b'1', 24, 6),
(185, b'0', 25, 6),
(186, b'1', 26, 6),
(187, b'1', 27, 6),
(188, b'1', 28, 6),
(189, b'1', 29, 6),
(190, b'1', 30, 6),
(191, b'1', 31, 6),
(192, b'1', 32, 6),
(193, b'0', 1, 7),
(194, b'0', 2, 7),
(195, b'0', 3, 7),
(196, b'0', 4, 7),
(197, b'0', 5, 7),
(198, b'0', 6, 7),
(199, b'0', 7, 7),
(200, b'0', 8, 7),
(201, b'0', 9, 7),
(202, b'0', 10, 7),
(203, b'0', 11, 7),
(204, b'0', 12, 7),
(205, b'0', 13, 7),
(206, b'0', 14, 7),
(207, b'0', 15, 7),
(208, b'0', 16, 7),
(209, b'0', 17, 7),
(210, b'0', 18, 7),
(211, b'0', 19, 7),
(212, b'0', 20, 7),
(213, b'0', 21, 7),
(214, b'0', 22, 7),
(215, b'0', 23, 7),
(216, b'0', 24, 7),
(217, b'0', 25, 7),
(218, b'0', 26, 7),
(219, b'0', 27, 7),
(220, b'0', 28, 7),
(221, b'0', 29, 7),
(222, b'0', 30, 7),
(223, b'0', 31, 7),
(224, b'0', 32, 7),
(225, b'1', 1, 8),
(226, b'0', 2, 8),
(227, b'0', 3, 8),
(228, b'0', 4, 8),
(229, b'0', 5, 8),
(230, b'0', 6, 8),
(231, b'0', 7, 8),
(232, b'0', 8, 8),
(233, b'0', 9, 8),
(234, b'0', 10, 8),
(235, b'0', 11, 8),
(236, b'0', 12, 8),
(237, b'0', 13, 8),
(238, b'0', 14, 8),
(239, b'0', 15, 8),
(240, b'0', 16, 8),
(241, b'0', 17, 8),
(242, b'0', 18, 8),
(243, b'0', 19, 8),
(244, b'0', 20, 8),
(245, b'0', 21, 8),
(246, b'0', 22, 8),
(247, b'0', 23, 8),
(248, b'0', 24, 8),
(249, b'0', 25, 8),
(250, b'0', 26, 8),
(251, b'0', 27, 8),
(252, b'0', 28, 8),
(253, b'0', 29, 8),
(254, b'0', 30, 8),
(255, b'0', 31, 8),
(256, b'0', 32, 8),
(257, b'0', 1, 9),
(258, b'1', 2, 9),
(259, b'0', 3, 9),
(260, b'0', 4, 9),
(261, b'0', 5, 9),
(262, b'0', 6, 9),
(263, b'0', 7, 9),
(264, b'0', 8, 9),
(265, b'0', 9, 9),
(266, b'0', 10, 9),
(267, b'0', 11, 9),
(268, b'0', 12, 9),
(269, b'0', 13, 9),
(270, b'0', 14, 9),
(271, b'0', 15, 9),
(272, b'0', 16, 9),
(273, b'0', 17, 9),
(274, b'0', 18, 9),
(275, b'0', 19, 9),
(276, b'0', 20, 9),
(277, b'0', 21, 9),
(278, b'0', 22, 9),
(279, b'0', 23, 9),
(280, b'0', 24, 9),
(281, b'0', 25, 9),
(282, b'0', 26, 9),
(283, b'0', 27, 9),
(284, b'0', 28, 9),
(285, b'0', 29, 9),
(286, b'0', 30, 9),
(287, b'0', 31, 9),
(288, b'0', 32, 9),
(289, b'1', 1, 10),
(290, b'1', 2, 10),
(291, b'1', 3, 10),
(292, b'1', 4, 10),
(293, b'0', 5, 10),
(294, b'0', 6, 10),
(295, b'0', 7, 10),
(296, b'0', 8, 10),
(297, b'0', 9, 10),
(298, b'0', 10, 10),
(299, b'0', 11, 10),
(300, b'0', 12, 10),
(301, b'0', 13, 10),
(302, b'0', 14, 10),
(303, b'0', 15, 10),
(304, b'0', 16, 10),
(305, b'0', 17, 10),
(306, b'0', 18, 10),
(307, b'0', 19, 10),
(308, b'0', 20, 10),
(309, b'0', 21, 10),
(310, b'0', 22, 10),
(311, b'0', 23, 10),
(312, b'0', 24, 10),
(313, b'0', 25, 10),
(314, b'0', 26, 10),
(315, b'0', 27, 10),
(316, b'0', 28, 10),
(317, b'0', 29, 10),
(318, b'0', 30, 10),
(319, b'0', 31, 10),
(320, b'0', 32, 10),
(321, b'1', 1, 11),
(322, b'1', 2, 11),
(323, b'1', 3, 11),
(324, b'1', 4, 11),
(325, b'1', 5, 11),
(326, b'1', 6, 11),
(327, b'1', 7, 11),
(328, b'1', 8, 11),
(329, b'1', 9, 11),
(330, b'1', 10, 11),
(331, b'1', 11, 11),
(332, b'1', 12, 11),
(333, b'1', 13, 11),
(334, b'1', 14, 11),
(335, b'1', 15, 11),
(336, b'1', 16, 11),
(337, b'1', 17, 11),
(338, b'1', 18, 11),
(339, b'1', 19, 11),
(340, b'1', 20, 11),
(341, b'1', 21, 11),
(342, b'1', 22, 11),
(343, b'1', 23, 11),
(344, b'1', 24, 11),
(345, b'1', 25, 11),
(346, b'1', 26, 11),
(347, b'1', 27, 11),
(348, b'1', 28, 11),
(349, b'1', 29, 11),
(350, b'1', 30, 11),
(351, b'1', 31, 11),
(352, b'1', 32, 11),
(353, b'0', 1, 12),
(354, b'0', 2, 12),
(355, b'0', 3, 12),
(356, b'0', 4, 12),
(357, b'0', 5, 12),
(358, b'0', 6, 12),
(359, b'0', 7, 12),
(360, b'0', 8, 12),
(361, b'0', 9, 12),
(362, b'0', 10, 12),
(363, b'0', 11, 12),
(364, b'0', 12, 12),
(365, b'0', 13, 12),
(366, b'0', 14, 12),
(367, b'0', 15, 12),
(368, b'0', 16, 12),
(369, b'0', 17, 12),
(370, b'0', 18, 12),
(371, b'0', 19, 12),
(372, b'0', 20, 12),
(373, b'0', 21, 12),
(374, b'0', 22, 12),
(375, b'0', 23, 12),
(376, b'0', 24, 12),
(377, b'0', 25, 12),
(378, b'0', 26, 12),
(379, b'0', 27, 12),
(380, b'0', 28, 12),
(381, b'0', 29, 12),
(382, b'0', 30, 12),
(383, b'0', 31, 12),
(384, b'0', 32, 12),
(385, b'0', 1, 13),
(386, b'0', 2, 13),
(387, b'0', 3, 13),
(388, b'0', 4, 13),
(389, b'0', 5, 13),
(390, b'0', 6, 13),
(391, b'0', 7, 13),
(392, b'0', 8, 13),
(393, b'0', 9, 13),
(394, b'0', 10, 13),
(395, b'0', 11, 13),
(396, b'0', 12, 13),
(397, b'0', 13, 13),
(398, b'0', 14, 13),
(399, b'0', 15, 13),
(400, b'0', 16, 13),
(401, b'0', 17, 13),
(402, b'0', 18, 13),
(403, b'0', 19, 13),
(404, b'0', 20, 13),
(405, b'0', 21, 13),
(406, b'0', 22, 13),
(407, b'0', 23, 13),
(408, b'0', 24, 13),
(409, b'0', 25, 13),
(410, b'0', 26, 13),
(411, b'0', 27, 13),
(412, b'0', 28, 13),
(413, b'0', 29, 13),
(414, b'0', 30, 13),
(415, b'0', 31, 13),
(416, b'0', 32, 13),
(417, b'0', 1, 14),
(418, b'0', 2, 14),
(419, b'0', 3, 14),
(420, b'0', 4, 14),
(421, b'0', 5, 14),
(422, b'0', 6, 14),
(423, b'0', 7, 14),
(424, b'0', 8, 14),
(425, b'0', 9, 14),
(426, b'0', 10, 14),
(427, b'0', 11, 14),
(428, b'0', 12, 14),
(429, b'0', 13, 14),
(430, b'0', 14, 14),
(431, b'0', 15, 14),
(432, b'0', 16, 14),
(433, b'0', 17, 14),
(434, b'0', 18, 14),
(435, b'0', 19, 14),
(436, b'0', 20, 14),
(437, b'0', 21, 14),
(438, b'0', 22, 14),
(439, b'0', 23, 14),
(440, b'0', 24, 14),
(441, b'0', 25, 14),
(442, b'0', 26, 14),
(443, b'0', 27, 14),
(444, b'0', 28, 14),
(445, b'0', 29, 14),
(446, b'0', 30, 14),
(447, b'0', 31, 14),
(448, b'0', 32, 14),
(449, b'0', 1, 15),
(450, b'0', 2, 15),
(451, b'0', 3, 15),
(452, b'0', 4, 15),
(453, b'0', 5, 15),
(454, b'0', 6, 15),
(455, b'0', 7, 15),
(456, b'0', 8, 15),
(457, b'0', 9, 15),
(458, b'0', 10, 15),
(459, b'0', 11, 15),
(460, b'0', 12, 15),
(461, b'0', 13, 15),
(462, b'0', 14, 15),
(463, b'0', 15, 15),
(464, b'0', 16, 15),
(465, b'0', 17, 15),
(466, b'0', 18, 15),
(467, b'0', 19, 15),
(468, b'0', 20, 15),
(469, b'0', 21, 15),
(470, b'0', 22, 15),
(471, b'0', 23, 15),
(472, b'0', 24, 15),
(473, b'0', 25, 15),
(474, b'0', 26, 15),
(475, b'0', 27, 15),
(476, b'0', 28, 15),
(477, b'0', 29, 15),
(478, b'0', 30, 15),
(479, b'0', 31, 15),
(480, b'0', 32, 15),
(481, b'0', 1, 16),
(482, b'0', 2, 16),
(483, b'0', 3, 16),
(484, b'0', 4, 16),
(485, b'0', 5, 16),
(486, b'0', 6, 16),
(487, b'0', 7, 16),
(488, b'0', 8, 16),
(489, b'0', 9, 16),
(490, b'0', 10, 16),
(491, b'0', 11, 16),
(492, b'0', 12, 16),
(493, b'0', 13, 16),
(494, b'0', 14, 16),
(495, b'0', 15, 16),
(496, b'0', 16, 16),
(497, b'0', 17, 16),
(498, b'0', 18, 16),
(499, b'0', 19, 16),
(500, b'0', 20, 16),
(501, b'0', 21, 16),
(502, b'0', 22, 16),
(503, b'0', 23, 16),
(504, b'0', 24, 16),
(505, b'0', 25, 16),
(506, b'0', 26, 16),
(507, b'0', 27, 16),
(508, b'0', 28, 16),
(509, b'0', 29, 16),
(510, b'0', 30, 16),
(511, b'0', 31, 16),
(512, b'0', 32, 16),
(513, b'0', 1, 17),
(514, b'0', 2, 17),
(515, b'0', 3, 17),
(516, b'0', 4, 17),
(517, b'0', 5, 17),
(518, b'0', 6, 17),
(519, b'0', 7, 17),
(520, b'0', 8, 17),
(521, b'0', 9, 17),
(522, b'0', 10, 17),
(523, b'0', 11, 17),
(524, b'0', 12, 17),
(525, b'0', 13, 17),
(526, b'0', 14, 17),
(527, b'0', 15, 17),
(528, b'0', 16, 17),
(529, b'0', 17, 17),
(530, b'0', 18, 17),
(531, b'0', 19, 17),
(532, b'0', 20, 17),
(533, b'0', 21, 17),
(534, b'0', 22, 17),
(535, b'0', 23, 17),
(536, b'0', 24, 17),
(537, b'0', 25, 17),
(538, b'0', 26, 17),
(539, b'0', 27, 17),
(540, b'0', 28, 17),
(541, b'0', 29, 17),
(542, b'0', 30, 17),
(543, b'0', 31, 17),
(544, b'0', 32, 17),
(545, b'0', 1, 18),
(546, b'0', 2, 18),
(547, b'0', 3, 18),
(548, b'0', 4, 18),
(549, b'0', 5, 18),
(550, b'0', 6, 18),
(551, b'0', 7, 18),
(552, b'0', 8, 18),
(553, b'0', 9, 18),
(554, b'0', 10, 18),
(555, b'0', 11, 18),
(556, b'0', 12, 18),
(557, b'0', 13, 18),
(558, b'0', 14, 18),
(559, b'0', 15, 18),
(560, b'0', 16, 18),
(561, b'0', 17, 18),
(562, b'0', 18, 18),
(563, b'0', 19, 18),
(564, b'0', 20, 18),
(565, b'0', 21, 18),
(566, b'0', 22, 18),
(567, b'0', 23, 18),
(568, b'0', 24, 18),
(569, b'0', 25, 18),
(570, b'0', 26, 18),
(571, b'0', 27, 18),
(572, b'0', 28, 18),
(573, b'0', 29, 18),
(574, b'0', 30, 18),
(575, b'0', 31, 18),
(576, b'0', 32, 18),
(577, b'0', 1, 19),
(578, b'0', 2, 19),
(579, b'0', 3, 19),
(580, b'0', 4, 19),
(581, b'0', 5, 19),
(582, b'0', 6, 19),
(583, b'0', 7, 19),
(584, b'0', 8, 19),
(585, b'0', 9, 19),
(586, b'0', 10, 19),
(587, b'0', 11, 19),
(588, b'0', 12, 19),
(589, b'0', 13, 19),
(590, b'0', 14, 19),
(591, b'0', 15, 19),
(592, b'0', 16, 19),
(593, b'0', 17, 19),
(594, b'0', 18, 19),
(595, b'0', 19, 19),
(596, b'0', 20, 19),
(597, b'0', 21, 19),
(598, b'0', 22, 19),
(599, b'0', 23, 19),
(600, b'0', 24, 19),
(601, b'0', 25, 19),
(602, b'0', 26, 19),
(603, b'0', 27, 19),
(604, b'0', 28, 19),
(605, b'0', 29, 19),
(606, b'0', 30, 19),
(607, b'0', 31, 19),
(608, b'0', 32, 19),
(609, b'1', 1, 20),
(610, b'1', 2, 20),
(611, b'1', 3, 20),
(612, b'1', 4, 20),
(613, b'0', 5, 20),
(614, b'0', 6, 20),
(615, b'0', 7, 20),
(616, b'0', 8, 20),
(617, b'0', 9, 20),
(618, b'0', 10, 20),
(619, b'0', 11, 20),
(620, b'0', 12, 20),
(621, b'0', 13, 20),
(622, b'0', 14, 20),
(623, b'0', 15, 20),
(624, b'0', 16, 20),
(625, b'0', 17, 20),
(626, b'0', 18, 20),
(627, b'0', 19, 20),
(628, b'0', 20, 20),
(629, b'0', 21, 20),
(630, b'0', 22, 20),
(631, b'0', 23, 20),
(632, b'0', 24, 20),
(633, b'0', 25, 20),
(634, b'0', 26, 20),
(635, b'0', 27, 20),
(636, b'0', 28, 20),
(637, b'0', 29, 20),
(638, b'0', 30, 20),
(639, b'0', 31, 20),
(640, b'0', 32, 20),
(641, b'1', 1, 21),
(642, b'1', 2, 21),
(643, b'1', 3, 21),
(644, b'1', 4, 21),
(645, b'1', 5, 21),
(646, b'0', 6, 21),
(647, b'1', 7, 21),
(648, b'1', 8, 21),
(649, b'1', 9, 21),
(650, b'1', 10, 21),
(651, b'1', 11, 21),
(652, b'1', 12, 21),
(653, b'1', 13, 21),
(654, b'1', 14, 21),
(655, b'1', 15, 21),
(656, b'1', 16, 21),
(657, b'0', 17, 21),
(658, b'1', 18, 21),
(659, b'1', 19, 21),
(660, b'0', 20, 21),
(661, b'1', 21, 21),
(662, b'1', 22, 21),
(663, b'1', 23, 21),
(664, b'1', 24, 21),
(665, b'1', 25, 21),
(666, b'1', 26, 21),
(667, b'0', 27, 21),
(668, b'1', 28, 21),
(669, b'1', 29, 21),
(670, b'0', 30, 21),
(671, b'0', 31, 21),
(672, b'1', 32, 21),
(673, b'1', 1, 22),
(674, b'0', 2, 22),
(675, b'0', 3, 22),
(676, b'0', 4, 22),
(677, b'0', 5, 22),
(678, b'0', 6, 22),
(679, b'0', 7, 22),
(680, b'0', 8, 22),
(681, b'0', 9, 22),
(682, b'0', 10, 22),
(683, b'0', 11, 22),
(684, b'0', 12, 22),
(685, b'0', 13, 22),
(686, b'0', 14, 22),
(687, b'0', 15, 22),
(688, b'0', 16, 22),
(689, b'0', 17, 22),
(690, b'0', 18, 22),
(691, b'0', 19, 22),
(692, b'0', 20, 22),
(693, b'0', 21, 22),
(694, b'0', 22, 22),
(695, b'0', 23, 22),
(696, b'0', 24, 22),
(697, b'0', 25, 22),
(698, b'0', 26, 22),
(699, b'0', 27, 22),
(700, b'0', 28, 22),
(701, b'0', 29, 22),
(702, b'0', 30, 22),
(703, b'0', 31, 22),
(704, b'0', 32, 22),
(705, b'0', 1, 23),
(706, b'1', 2, 23),
(707, b'1', 3, 23),
(708, b'0', 4, 23),
(709, b'0', 5, 23),
(710, b'0', 6, 23),
(711, b'0', 7, 23),
(712, b'0', 8, 23),
(713, b'0', 9, 23),
(714, b'0', 10, 23),
(715, b'0', 11, 23),
(716, b'0', 12, 23),
(717, b'0', 13, 23),
(718, b'0', 14, 23),
(719, b'0', 15, 23),
(720, b'0', 16, 23),
(721, b'0', 17, 23),
(722, b'0', 18, 23),
(723, b'0', 19, 23),
(724, b'0', 20, 23),
(725, b'0', 21, 23),
(726, b'0', 22, 23),
(727, b'0', 23, 23),
(728, b'0', 24, 23),
(729, b'0', 25, 23),
(730, b'0', 26, 23),
(731, b'0', 27, 23),
(732, b'0', 28, 23),
(733, b'0', 29, 23),
(734, b'0', 30, 23),
(735, b'0', 31, 23),
(736, b'0', 32, 23),
(737, b'0', 1, 24),
(738, b'0', 2, 24),
(739, b'0', 3, 24),
(740, b'0', 4, 24),
(741, b'0', 5, 24),
(742, b'0', 6, 24),
(743, b'0', 7, 24),
(744, b'0', 8, 24),
(745, b'0', 9, 24),
(746, b'0', 10, 24),
(747, b'0', 11, 24),
(748, b'0', 12, 24),
(749, b'0', 13, 24),
(750, b'0', 14, 24),
(751, b'0', 15, 24),
(752, b'0', 16, 24),
(753, b'0', 17, 24),
(754, b'0', 18, 24),
(755, b'0', 19, 24),
(756, b'0', 20, 24),
(757, b'0', 21, 24),
(758, b'0', 22, 24),
(759, b'0', 23, 24),
(760, b'0', 24, 24),
(761, b'0', 25, 24),
(762, b'0', 26, 24),
(763, b'0', 27, 24),
(764, b'0', 28, 24),
(765, b'0', 29, 24),
(766, b'0', 30, 24),
(767, b'0', 31, 24),
(768, b'0', 32, 24),
(769, b'0', 1, 25),
(770, b'0', 2, 25),
(771, b'0', 3, 25),
(772, b'0', 4, 25),
(773, b'0', 5, 25),
(774, b'0', 6, 25),
(775, b'0', 7, 25),
(776, b'0', 8, 25),
(777, b'0', 9, 25),
(778, b'0', 10, 25),
(779, b'0', 11, 25),
(780, b'0', 12, 25),
(781, b'0', 13, 25),
(782, b'0', 14, 25),
(783, b'0', 15, 25),
(784, b'0', 16, 25),
(785, b'0', 17, 25),
(786, b'0', 18, 25),
(787, b'0', 19, 25),
(788, b'0', 20, 25),
(789, b'0', 21, 25),
(790, b'0', 22, 25),
(791, b'0', 23, 25),
(792, b'0', 24, 25),
(793, b'0', 25, 25),
(794, b'0', 26, 25),
(795, b'0', 27, 25),
(796, b'0', 28, 25),
(797, b'0', 29, 25),
(798, b'0', 30, 25),
(799, b'0', 31, 25),
(800, b'0', 32, 25),
(801, b'1', 1, 26),
(802, b'1', 2, 26),
(803, b'1', 3, 26),
(804, b'1', 4, 26),
(805, b'1', 5, 26),
(806, b'1', 6, 26),
(807, b'1', 7, 26),
(808, b'0', 8, 26),
(809, b'0', 9, 26),
(810, b'1', 10, 26),
(811, b'1', 11, 26),
(812, b'1', 12, 26),
(813, b'0', 13, 26),
(814, b'1', 14, 26),
(815, b'1', 15, 26),
(816, b'1', 16, 26),
(817, b'0', 17, 26),
(818, b'0', 18, 26),
(819, b'1', 19, 26),
(820, b'1', 20, 26),
(821, b'0', 21, 26),
(822, b'0', 22, 26),
(823, b'0', 23, 26),
(824, b'0', 24, 26),
(825, b'0', 25, 26),
(826, b'1', 26, 26),
(827, b'1', 27, 26),
(828, b'1', 28, 26),
(829, b'1', 29, 26),
(830, b'0', 30, 26),
(831, b'1', 31, 26),
(832, b'1', 32, 26),
(833, b'0', 1, 27),
(834, b'0', 2, 27),
(835, b'0', 3, 27),
(836, b'0', 4, 27),
(837, b'0', 5, 27),
(838, b'0', 6, 27),
(839, b'0', 7, 27),
(840, b'0', 8, 27),
(841, b'0', 9, 27),
(842, b'0', 10, 27),
(843, b'0', 11, 27),
(844, b'0', 12, 27),
(845, b'0', 13, 27),
(846, b'0', 14, 27),
(847, b'0', 15, 27),
(848, b'0', 16, 27),
(849, b'0', 17, 27),
(850, b'0', 18, 27),
(851, b'0', 19, 27),
(852, b'0', 20, 27),
(853, b'0', 21, 27),
(854, b'0', 22, 27),
(855, b'0', 23, 27),
(856, b'0', 24, 27),
(857, b'0', 25, 27),
(858, b'0', 26, 27),
(859, b'0', 27, 27),
(860, b'0', 28, 27),
(861, b'0', 29, 27),
(862, b'0', 30, 27),
(863, b'0', 31, 27),
(864, b'0', 32, 27),
(865, b'0', 1, 28),
(866, b'0', 2, 28),
(867, b'0', 3, 28),
(868, b'0', 4, 28),
(869, b'0', 5, 28),
(870, b'0', 6, 28),
(871, b'0', 7, 28),
(872, b'0', 8, 28),
(873, b'0', 9, 28),
(874, b'0', 10, 28),
(875, b'0', 11, 28),
(876, b'0', 12, 28),
(877, b'0', 13, 28),
(878, b'0', 14, 28),
(879, b'0', 15, 28),
(880, b'0', 16, 28),
(881, b'0', 17, 28),
(882, b'0', 18, 28),
(883, b'0', 19, 28),
(884, b'0', 20, 28),
(885, b'0', 21, 28),
(886, b'0', 22, 28),
(887, b'0', 23, 28),
(888, b'0', 24, 28),
(889, b'0', 25, 28),
(890, b'0', 26, 28),
(891, b'0', 27, 28),
(892, b'0', 28, 28),
(893, b'0', 29, 28),
(894, b'0', 30, 28),
(895, b'0', 31, 28),
(896, b'0', 32, 28),
(897, b'0', 1, 29),
(898, b'0', 2, 29),
(899, b'0', 3, 29),
(900, b'0', 4, 29),
(901, b'0', 5, 29),
(902, b'0', 6, 29),
(903, b'0', 7, 29),
(904, b'0', 8, 29),
(905, b'0', 9, 29),
(906, b'0', 10, 29),
(907, b'0', 11, 29),
(908, b'0', 12, 29),
(909, b'0', 13, 29),
(910, b'0', 14, 29),
(911, b'0', 15, 29),
(912, b'0', 16, 29),
(913, b'0', 17, 29),
(914, b'0', 18, 29),
(915, b'0', 19, 29),
(916, b'0', 20, 29),
(917, b'0', 21, 29),
(918, b'0', 22, 29),
(919, b'0', 23, 29),
(920, b'0', 24, 29),
(921, b'0', 25, 29),
(922, b'0', 26, 29),
(923, b'0', 27, 29),
(924, b'0', 28, 29),
(925, b'0', 29, 29),
(926, b'0', 30, 29),
(927, b'0', 31, 29),
(928, b'0', 32, 29),
(929, b'0', 1, 30),
(930, b'0', 2, 30),
(931, b'0', 3, 30),
(932, b'0', 4, 30),
(933, b'0', 5, 30),
(934, b'0', 6, 30),
(935, b'0', 7, 30),
(936, b'0', 8, 30),
(937, b'0', 9, 30),
(938, b'0', 10, 30),
(939, b'0', 11, 30),
(940, b'0', 12, 30),
(941, b'0', 13, 30),
(942, b'0', 14, 30),
(943, b'0', 15, 30),
(944, b'0', 16, 30),
(945, b'0', 17, 30),
(946, b'0', 18, 30),
(947, b'0', 19, 30),
(948, b'0', 20, 30),
(949, b'0', 21, 30),
(950, b'0', 22, 30),
(951, b'0', 23, 30),
(952, b'0', 24, 30),
(953, b'0', 25, 30),
(954, b'0', 26, 30),
(955, b'0', 27, 30),
(956, b'0', 28, 30),
(957, b'0', 29, 30),
(958, b'0', 30, 30),
(959, b'0', 31, 30),
(960, b'0', 32, 30),
(961, b'1', 1, 31),
(962, b'1', 2, 31),
(963, b'1', 3, 31),
(964, b'1', 4, 31),
(965, b'1', 5, 31),
(966, b'1', 6, 31),
(967, b'1', 7, 31),
(968, b'1', 8, 31),
(969, b'0', 9, 31),
(970, b'0', 10, 31),
(971, b'0', 11, 31),
(972, b'0', 12, 31),
(973, b'1', 13, 31),
(974, b'1', 14, 31),
(975, b'1', 15, 31),
(976, b'0', 16, 31),
(977, b'1', 17, 31),
(978, b'1', 18, 31),
(979, b'1', 19, 31),
(980, b'0', 20, 31),
(981, b'0', 21, 31),
(982, b'1', 22, 31),
(983, b'1', 23, 31),
(984, b'1', 24, 31),
(985, b'0', 25, 31),
(986, b'1', 26, 31),
(987, b'1', 27, 31),
(988, b'1', 28, 31),
(989, b'1', 29, 31),
(990, b'1', 30, 31),
(991, b'1', 31, 31),
(992, b'1', 32, 31),
(993, b'0', 1, 32),
(994, b'0', 2, 32),
(995, b'0', 3, 32),
(996, b'0', 4, 32),
(997, b'0', 5, 32),
(998, b'0', 6, 32),
(999, b'0', 7, 32),
(1000, b'0', 8, 32),
(1001, b'0', 9, 32),
(1002, b'0', 10, 32),
(1003, b'0', 11, 32),
(1004, b'0', 12, 32),
(1005, b'0', 13, 32),
(1006, b'0', 14, 32),
(1007, b'0', 15, 32),
(1008, b'0', 16, 32),
(1009, b'0', 17, 32),
(1010, b'0', 18, 32),
(1011, b'0', 19, 32),
(1012, b'0', 20, 32),
(1013, b'0', 21, 32),
(1014, b'0', 22, 32),
(1015, b'0', 23, 32),
(1016, b'0', 24, 32),
(1017, b'0', 25, 32),
(1018, b'0', 26, 32),
(1019, b'0', 27, 32),
(1020, b'0', 28, 32),
(1021, b'0', 29, 32),
(1022, b'0', 30, 32),
(1023, b'0', 31, 32),
(1024, b'0', 32, 32),
(1025, b'1', 1, 33),
(1026, b'0', 2, 33),
(1027, b'0', 3, 33),
(1028, b'0', 4, 33),
(1029, b'0', 5, 33),
(1030, b'0', 6, 33),
(1031, b'0', 7, 33),
(1032, b'0', 8, 33),
(1033, b'0', 9, 33),
(1034, b'0', 10, 33),
(1035, b'0', 11, 33),
(1036, b'0', 12, 33),
(1037, b'0', 13, 33),
(1038, b'0', 14, 33),
(1039, b'0', 15, 33),
(1040, b'0', 16, 33),
(1041, b'0', 17, 33),
(1042, b'0', 18, 33),
(1043, b'0', 19, 33),
(1044, b'0', 20, 33),
(1045, b'0', 21, 33),
(1046, b'0', 22, 33),
(1047, b'0', 23, 33),
(1048, b'0', 24, 33),
(1049, b'0', 25, 33),
(1050, b'0', 26, 33),
(1051, b'0', 27, 33),
(1052, b'0', 28, 33),
(1053, b'0', 29, 33),
(1054, b'0', 30, 33),
(1055, b'0', 31, 33),
(1056, b'0', 32, 33),
(1057, b'1', 1, 34),
(1058, b'1', 2, 34),
(1059, b'0', 3, 34),
(1060, b'0', 4, 34),
(1061, b'0', 5, 34),
(1062, b'0', 6, 34),
(1063, b'0', 7, 34),
(1064, b'0', 8, 34),
(1065, b'0', 9, 34),
(1066, b'0', 10, 34),
(1067, b'0', 11, 34),
(1068, b'0', 12, 34),
(1069, b'0', 13, 34),
(1070, b'0', 14, 34),
(1071, b'0', 15, 34),
(1072, b'0', 16, 34),
(1073, b'0', 17, 34),
(1074, b'0', 18, 34),
(1075, b'0', 19, 34),
(1076, b'0', 20, 34),
(1077, b'0', 21, 34),
(1078, b'0', 22, 34),
(1079, b'0', 23, 34),
(1080, b'0', 24, 34),
(1081, b'0', 25, 34),
(1082, b'0', 26, 34),
(1083, b'0', 27, 34),
(1084, b'0', 28, 34),
(1085, b'0', 29, 34),
(1086, b'0', 30, 34),
(1087, b'0', 31, 34),
(1088, b'0', 32, 34),
(1089, b'0', 1, 35),
(1090, b'0', 2, 35),
(1091, b'0', 3, 35),
(1092, b'0', 4, 35),
(1093, b'0', 5, 35),
(1094, b'0', 6, 35),
(1095, b'0', 7, 35),
(1096, b'0', 8, 35),
(1097, b'0', 9, 35),
(1098, b'0', 10, 35),
(1099, b'0', 11, 35),
(1100, b'0', 12, 35),
(1101, b'0', 13, 35),
(1102, b'0', 14, 35),
(1103, b'0', 15, 35),
(1104, b'0', 16, 35),
(1105, b'0', 17, 35),
(1106, b'0', 18, 35),
(1107, b'0', 19, 35),
(1108, b'0', 20, 35),
(1109, b'0', 21, 35),
(1110, b'0', 22, 35),
(1111, b'0', 23, 35),
(1112, b'0', 24, 35),
(1113, b'0', 25, 35),
(1114, b'0', 26, 35),
(1115, b'0', 27, 35),
(1116, b'0', 28, 35),
(1117, b'0', 29, 35),
(1118, b'0', 30, 35),
(1119, b'0', 31, 35),
(1120, b'0', 32, 35),
(1121, b'0', 1, 36),
(1122, b'0', 2, 36),
(1123, b'0', 3, 36),
(1124, b'0', 4, 36),
(1125, b'0', 5, 36),
(1126, b'0', 6, 36),
(1127, b'0', 7, 36),
(1128, b'0', 8, 36),
(1129, b'0', 9, 36),
(1130, b'0', 10, 36),
(1131, b'0', 11, 36),
(1132, b'0', 12, 36),
(1133, b'0', 13, 36),
(1134, b'0', 14, 36),
(1135, b'0', 15, 36),
(1136, b'0', 16, 36),
(1137, b'0', 17, 36),
(1138, b'0', 18, 36),
(1139, b'0', 19, 36),
(1140, b'0', 20, 36),
(1141, b'0', 21, 36),
(1142, b'0', 22, 36),
(1143, b'0', 23, 36),
(1144, b'0', 24, 36),
(1145, b'0', 25, 36),
(1146, b'0', 26, 36),
(1147, b'0', 27, 36),
(1148, b'0', 28, 36),
(1149, b'0', 29, 36),
(1150, b'0', 30, 36),
(1151, b'0', 31, 36),
(1152, b'0', 32, 36),
(1153, b'0', 1, 37),
(1154, b'0', 2, 37),
(1155, b'0', 3, 37),
(1156, b'0', 4, 37),
(1157, b'0', 5, 37),
(1158, b'0', 6, 37),
(1159, b'0', 7, 37),
(1160, b'0', 8, 37),
(1161, b'0', 9, 37),
(1162, b'0', 10, 37),
(1163, b'0', 11, 37),
(1164, b'0', 12, 37),
(1165, b'0', 13, 37),
(1166, b'0', 14, 37),
(1167, b'0', 15, 37),
(1168, b'0', 16, 37),
(1169, b'0', 17, 37),
(1170, b'0', 18, 37),
(1171, b'0', 19, 37),
(1172, b'0', 20, 37),
(1173, b'0', 21, 37),
(1174, b'0', 22, 37),
(1175, b'0', 23, 37),
(1176, b'0', 24, 37),
(1177, b'0', 25, 37),
(1178, b'0', 26, 37),
(1179, b'0', 27, 37),
(1180, b'0', 28, 37),
(1181, b'0', 29, 37),
(1182, b'0', 30, 37),
(1183, b'0', 31, 37),
(1184, b'0', 32, 37),
(1185, b'0', 1, 38),
(1186, b'0', 2, 38),
(1187, b'0', 3, 38),
(1188, b'0', 4, 38),
(1189, b'0', 5, 38),
(1190, b'0', 6, 38),
(1191, b'0', 7, 38),
(1192, b'0', 8, 38),
(1193, b'0', 9, 38),
(1194, b'0', 10, 38),
(1195, b'0', 11, 38),
(1196, b'0', 12, 38),
(1197, b'0', 13, 38),
(1198, b'0', 14, 38),
(1199, b'0', 15, 38),
(1200, b'0', 16, 38),
(1201, b'0', 17, 38),
(1202, b'0', 18, 38),
(1203, b'0', 19, 38),
(1204, b'0', 20, 38),
(1205, b'0', 21, 38),
(1206, b'0', 22, 38),
(1207, b'0', 23, 38),
(1208, b'0', 24, 38),
(1209, b'0', 25, 38),
(1210, b'0', 26, 38),
(1211, b'0', 27, 38),
(1212, b'0', 28, 38),
(1213, b'0', 29, 38),
(1214, b'0', 30, 38),
(1215, b'0', 31, 38),
(1216, b'0', 32, 38),
(1217, b'0', 1, 39),
(1218, b'0', 2, 39),
(1219, b'0', 3, 39),
(1220, b'0', 4, 39),
(1221, b'0', 5, 39),
(1222, b'0', 6, 39),
(1223, b'0', 7, 39),
(1224, b'0', 8, 39),
(1225, b'0', 9, 39),
(1226, b'0', 10, 39),
(1227, b'0', 11, 39),
(1228, b'0', 12, 39),
(1229, b'0', 13, 39),
(1230, b'0', 14, 39),
(1231, b'0', 15, 39),
(1232, b'0', 16, 39),
(1233, b'0', 17, 39),
(1234, b'0', 18, 39),
(1235, b'0', 19, 39),
(1236, b'0', 20, 39),
(1237, b'0', 21, 39),
(1238, b'0', 22, 39),
(1239, b'0', 23, 39),
(1240, b'0', 24, 39),
(1241, b'0', 25, 39),
(1242, b'0', 26, 39),
(1243, b'0', 27, 39),
(1244, b'0', 28, 39),
(1245, b'0', 29, 39),
(1246, b'0', 30, 39),
(1247, b'0', 31, 39),
(1248, b'0', 32, 39),
(1249, b'0', 1, 40),
(1250, b'0', 2, 40),
(1251, b'0', 3, 40),
(1252, b'0', 4, 40),
(1253, b'0', 5, 40),
(1254, b'0', 6, 40),
(1255, b'0', 7, 40),
(1256, b'0', 8, 40),
(1257, b'0', 9, 40),
(1258, b'0', 10, 40),
(1259, b'0', 11, 40),
(1260, b'0', 12, 40),
(1261, b'0', 13, 40),
(1262, b'0', 14, 40),
(1263, b'0', 15, 40),
(1264, b'0', 16, 40),
(1265, b'0', 17, 40),
(1266, b'0', 18, 40),
(1267, b'0', 19, 40),
(1268, b'0', 20, 40),
(1269, b'0', 21, 40),
(1270, b'0', 22, 40),
(1271, b'0', 23, 40),
(1272, b'0', 24, 40),
(1273, b'0', 25, 40),
(1274, b'0', 26, 40),
(1275, b'0', 27, 40),
(1276, b'0', 28, 40),
(1277, b'0', 29, 40),
(1278, b'0', 30, 40),
(1279, b'0', 31, 40),
(1280, b'0', 32, 40),
(1281, b'0', 1, 41),
(1282, b'0', 2, 41),
(1283, b'0', 3, 41),
(1284, b'0', 4, 41),
(1285, b'0', 5, 41),
(1286, b'0', 6, 41),
(1287, b'0', 7, 41),
(1288, b'0', 8, 41),
(1289, b'0', 9, 41),
(1290, b'0', 10, 41),
(1291, b'0', 11, 41),
(1292, b'0', 12, 41),
(1293, b'0', 13, 41),
(1294, b'0', 14, 41),
(1295, b'0', 15, 41),
(1296, b'0', 16, 41),
(1297, b'0', 17, 41),
(1298, b'0', 18, 41),
(1299, b'1', 19, 41),
(1300, b'0', 20, 41),
(1301, b'0', 21, 41),
(1302, b'0', 22, 41),
(1303, b'0', 23, 41),
(1304, b'0', 24, 41),
(1305, b'0', 25, 41),
(1306, b'0', 26, 41),
(1307, b'0', 27, 41),
(1308, b'0', 28, 41),
(1309, b'0', 29, 41),
(1310, b'0', 30, 41),
(1311, b'0', 31, 41),
(1312, b'0', 32, 41),
(1313, b'0', 1, 42),
(1314, b'0', 2, 42),
(1315, b'0', 3, 42),
(1316, b'0', 4, 42),
(1317, b'0', 5, 42),
(1318, b'0', 6, 42),
(1319, b'0', 7, 42),
(1320, b'0', 8, 42),
(1321, b'0', 9, 42),
(1322, b'0', 10, 42),
(1323, b'0', 11, 42),
(1324, b'0', 12, 42),
(1325, b'0', 13, 42),
(1326, b'0', 14, 42),
(1327, b'0', 15, 42),
(1328, b'0', 16, 42),
(1329, b'0', 17, 42),
(1330, b'0', 18, 42),
(1331, b'0', 19, 42),
(1332, b'0', 20, 42),
(1333, b'0', 21, 42),
(1334, b'0', 22, 42),
(1335, b'0', 23, 42),
(1336, b'0', 24, 42),
(1337, b'0', 25, 42),
(1338, b'0', 26, 42),
(1339, b'0', 27, 42),
(1340, b'0', 28, 42),
(1341, b'0', 29, 42),
(1342, b'0', 30, 42),
(1343, b'0', 31, 42),
(1344, b'0', 32, 42),
(1345, b'0', 1, 43),
(1346, b'0', 2, 43),
(1347, b'0', 3, 43),
(1348, b'0', 4, 43),
(1349, b'0', 5, 43),
(1350, b'0', 6, 43),
(1351, b'0', 7, 43),
(1352, b'0', 8, 43),
(1353, b'0', 9, 43),
(1354, b'0', 10, 43),
(1355, b'0', 11, 43),
(1356, b'0', 12, 43),
(1357, b'0', 13, 43),
(1358, b'0', 14, 43),
(1359, b'0', 15, 43),
(1360, b'0', 16, 43),
(1361, b'0', 17, 43),
(1362, b'0', 18, 43),
(1363, b'0', 19, 43),
(1364, b'0', 20, 43),
(1365, b'0', 21, 43),
(1366, b'0', 22, 43),
(1367, b'0', 23, 43),
(1368, b'0', 24, 43),
(1369, b'0', 25, 43),
(1370, b'0', 26, 43),
(1371, b'0', 27, 43),
(1372, b'0', 28, 43),
(1373, b'0', 29, 43),
(1374, b'0', 30, 43),
(1375, b'0', 31, 43),
(1376, b'0', 32, 43),
(1377, b'0', 1, 44),
(1378, b'0', 2, 44),
(1379, b'0', 3, 44),
(1380, b'0', 4, 44),
(1381, b'0', 5, 44),
(1382, b'0', 6, 44),
(1383, b'0', 7, 44),
(1384, b'0', 8, 44),
(1385, b'0', 9, 44),
(1386, b'0', 10, 44),
(1387, b'0', 11, 44),
(1388, b'0', 12, 44),
(1389, b'0', 13, 44),
(1390, b'0', 14, 44),
(1391, b'0', 15, 44),
(1392, b'0', 16, 44),
(1393, b'0', 17, 44),
(1394, b'0', 18, 44),
(1395, b'0', 19, 44),
(1396, b'0', 20, 44),
(1397, b'0', 21, 44),
(1398, b'0', 22, 44),
(1399, b'0', 23, 44),
(1400, b'0', 24, 44),
(1401, b'0', 25, 44),
(1402, b'0', 26, 44),
(1403, b'0', 27, 44),
(1404, b'0', 28, 44),
(1405, b'0', 29, 44),
(1406, b'0', 30, 44),
(1407, b'0', 31, 44),
(1408, b'0', 32, 44),
(1409, b'0', 1, 45),
(1410, b'0', 2, 45),
(1411, b'0', 3, 45),
(1412, b'0', 4, 45),
(1413, b'0', 5, 45),
(1414, b'0', 6, 45),
(1415, b'0', 7, 45),
(1416, b'0', 8, 45),
(1417, b'0', 9, 45),
(1418, b'0', 10, 45),
(1419, b'0', 11, 45),
(1420, b'0', 12, 45),
(1421, b'0', 13, 45),
(1422, b'0', 14, 45),
(1423, b'0', 15, 45),
(1424, b'0', 16, 45),
(1425, b'0', 17, 45),
(1426, b'0', 18, 45),
(1427, b'0', 19, 45),
(1428, b'0', 20, 45),
(1429, b'0', 21, 45),
(1430, b'0', 22, 45),
(1431, b'0', 23, 45),
(1432, b'0', 24, 45),
(1433, b'0', 25, 45),
(1434, b'0', 26, 45),
(1435, b'0', 27, 45),
(1436, b'0', 28, 45),
(1437, b'0', 29, 45),
(1438, b'0', 30, 45),
(1439, b'0', 31, 45),
(1440, b'0', 32, 45),
(1441, b'0', 1, 46),
(1442, b'0', 2, 46),
(1443, b'0', 3, 46),
(1444, b'0', 4, 46),
(1445, b'0', 5, 46),
(1446, b'0', 6, 46),
(1447, b'0', 7, 46),
(1448, b'0', 8, 46),
(1449, b'0', 9, 46),
(1450, b'0', 10, 46),
(1451, b'0', 11, 46),
(1452, b'0', 12, 46),
(1453, b'0', 13, 46),
(1454, b'0', 14, 46),
(1455, b'0', 15, 46),
(1456, b'0', 16, 46),
(1457, b'0', 17, 46),
(1458, b'0', 18, 46),
(1459, b'0', 19, 46),
(1460, b'0', 20, 46),
(1461, b'0', 21, 46),
(1462, b'0', 22, 46),
(1463, b'0', 23, 46),
(1464, b'0', 24, 46),
(1465, b'0', 25, 46),
(1466, b'0', 26, 46),
(1467, b'0', 27, 46),
(1468, b'0', 28, 46),
(1469, b'0', 29, 46),
(1470, b'0', 30, 46),
(1471, b'0', 31, 46),
(1472, b'0', 32, 46),
(1473, b'1', 33, 6),
(1474, b'0', 34, 6),
(1475, b'0', 35, 6),
(1476, b'0', 36, 6),
(1477, b'0', 37, 6),
(1478, b'0', 38, 6),
(1479, b'0', 39, 6),
(1480, b'0', 40, 6),
(1481, b'0', 41, 6),
(1482, b'0', 42, 6),
(1483, b'0', 43, 6),
(1484, b'0', 44, 6),
(1485, b'0', 45, 6),
(1486, b'0', 46, 6),
(1487, b'0', 47, 6),
(1488, b'0', 48, 6),
(1489, b'0', 49, 6),
(1490, b'0', 50, 6),
(1491, b'0', 51, 6),
(1492, b'0', 52, 6),
(1493, b'0', 53, 6),
(1494, b'1', 54, 6),
(1495, b'1', 55, 6),
(1496, b'0', 56, 6),
(1497, b'0', 57, 6),
(1498, b'0', 58, 6),
(1499, b'0', 59, 6),
(1500, b'0', 60, 6),
(1501, b'0', 33, 7),
(1502, b'0', 34, 7),
(1503, b'0', 35, 7),
(1504, b'0', 36, 7),
(1505, b'0', 37, 7),
(1506, b'0', 38, 7),
(1507, b'0', 39, 7),
(1508, b'0', 40, 7),
(1509, b'0', 41, 7),
(1510, b'0', 42, 7),
(1511, b'0', 43, 7),
(1512, b'0', 44, 7),
(1513, b'0', 45, 7),
(1514, b'0', 46, 7),
(1515, b'0', 47, 7),
(1516, b'0', 48, 7),
(1517, b'0', 49, 7),
(1518, b'0', 50, 7),
(1519, b'0', 51, 7),
(1520, b'0', 52, 7),
(1521, b'0', 53, 7),
(1522, b'0', 54, 7),
(1523, b'0', 55, 7),
(1524, b'0', 56, 7),
(1525, b'0', 57, 7),
(1526, b'0', 58, 7),
(1527, b'0', 59, 7),
(1528, b'0', 60, 7),
(1529, b'0', 33, 8),
(1530, b'0', 34, 8),
(1531, b'0', 35, 8),
(1532, b'0', 36, 8),
(1533, b'0', 37, 8),
(1534, b'0', 38, 8),
(1535, b'0', 39, 8),
(1536, b'0', 40, 8),
(1537, b'0', 41, 8),
(1538, b'0', 42, 8),
(1539, b'0', 43, 8),
(1540, b'0', 44, 8),
(1541, b'0', 45, 8),
(1542, b'0', 46, 8),
(1543, b'0', 47, 8),
(1544, b'0', 48, 8),
(1545, b'0', 49, 8),
(1546, b'0', 50, 8),
(1547, b'0', 51, 8),
(1548, b'0', 52, 8),
(1549, b'0', 53, 8),
(1550, b'0', 54, 8),
(1551, b'0', 55, 8),
(1552, b'0', 56, 8),
(1553, b'0', 57, 8),
(1554, b'0', 58, 8),
(1555, b'0', 59, 8),
(1556, b'0', 60, 8),
(1557, b'0', 33, 9),
(1558, b'0', 34, 9),
(1559, b'0', 35, 9),
(1560, b'0', 36, 9),
(1561, b'0', 37, 9),
(1562, b'0', 38, 9),
(1563, b'0', 39, 9),
(1564, b'0', 40, 9),
(1565, b'0', 41, 9),
(1566, b'0', 42, 9),
(1567, b'0', 43, 9),
(1568, b'0', 44, 9),
(1569, b'0', 45, 9),
(1570, b'0', 46, 9),
(1571, b'0', 47, 9),
(1572, b'0', 49, 9),
(1573, b'0', 48, 9),
(1574, b'0', 50, 9),
(1575, b'0', 51, 9),
(1576, b'0', 52, 9),
(1577, b'0', 53, 9),
(1578, b'0', 54, 9),
(1579, b'0', 55, 9),
(1580, b'0', 56, 9),
(1581, b'0', 57, 9),
(1582, b'0', 58, 9),
(1583, b'0', 59, 9),
(1584, b'0', 60, 9),
(1585, b'0', 33, 10),
(1586, b'0', 34, 10),
(1587, b'0', 35, 10),
(1588, b'0', 36, 10),
(1589, b'0', 37, 10),
(1590, b'0', 38, 10),
(1591, b'0', 39, 10),
(1592, b'0', 40, 10),
(1593, b'0', 41, 10),
(1594, b'0', 42, 10),
(1595, b'0', 43, 10),
(1596, b'0', 44, 10),
(1597, b'0', 45, 10),
(1598, b'0', 46, 10),
(1599, b'0', 47, 10),
(1600, b'0', 48, 10),
(1601, b'0', 49, 10),
(1602, b'0', 50, 10),
(1603, b'0', 51, 10),
(1604, b'0', 52, 10),
(1605, b'0', 53, 10),
(1606, b'0', 54, 10),
(1607, b'1', 55, 10),
(1608, b'0', 56, 10),
(1609, b'0', 57, 10),
(1610, b'0', 58, 10),
(1611, b'0', 59, 10),
(1612, b'0', 60, 10),
(1613, b'0', 33, 11),
(1614, b'0', 34, 11),
(1615, b'0', 35, 11),
(1616, b'0', 36, 11),
(1617, b'0', 37, 11),
(1618, b'0', 38, 11),
(1619, b'0', 39, 11),
(1620, b'0', 40, 11),
(1621, b'0', 41, 11),
(1622, b'0', 42, 11),
(1623, b'0', 43, 11),
(1624, b'0', 44, 11),
(1625, b'0', 45, 11),
(1626, b'0', 46, 11),
(1627, b'0', 47, 11),
(1628, b'0', 48, 11),
(1629, b'0', 49, 11),
(1630, b'0', 50, 11),
(1631, b'0', 51, 11),
(1632, b'0', 52, 11),
(1633, b'0', 53, 11),
(1634, b'0', 54, 11),
(1635, b'0', 55, 11),
(1636, b'0', 56, 11),
(1637, b'0', 57, 11),
(1638, b'0', 58, 11),
(1639, b'0', 59, 11),
(1640, b'0', 60, 11),
(1641, b'0', 33, 12),
(1642, b'0', 34, 12),
(1643, b'0', 35, 12),
(1644, b'0', 36, 12),
(1645, b'0', 37, 12),
(1646, b'0', 38, 12),
(1647, b'0', 39, 12),
(1648, b'0', 40, 12),
(1649, b'0', 41, 12),
(1650, b'0', 42, 12),
(1651, b'0', 43, 12),
(1652, b'0', 44, 12),
(1653, b'0', 45, 12),
(1654, b'0', 46, 12),
(1655, b'0', 47, 12),
(1656, b'0', 48, 12),
(1657, b'0', 49, 12),
(1658, b'0', 50, 12),
(1659, b'0', 51, 12),
(1660, b'0', 52, 12),
(1661, b'0', 53, 12),
(1662, b'0', 54, 12),
(1663, b'0', 55, 12),
(1664, b'0', 56, 12),
(1665, b'0', 57, 12),
(1666, b'0', 58, 12),
(1667, b'0', 59, 12),
(1668, b'0', 60, 12),
(1669, b'0', 33, 13),
(1670, b'0', 34, 13),
(1671, b'0', 35, 13),
(1672, b'0', 36, 13),
(1673, b'0', 37, 13),
(1674, b'0', 38, 13),
(1675, b'0', 39, 13),
(1676, b'0', 40, 13),
(1677, b'0', 41, 13),
(1678, b'0', 42, 13),
(1679, b'0', 43, 13),
(1680, b'0', 44, 13),
(1681, b'0', 45, 13),
(1682, b'0', 46, 13),
(1683, b'0', 47, 13),
(1684, b'0', 48, 13),
(1685, b'0', 49, 13),
(1686, b'0', 50, 13),
(1687, b'0', 51, 13),
(1688, b'0', 52, 13),
(1689, b'0', 53, 13),
(1690, b'0', 54, 13),
(1691, b'0', 55, 13),
(1692, b'0', 56, 13),
(1693, b'0', 57, 13),
(1694, b'0', 58, 13),
(1695, b'0', 59, 13),
(1696, b'0', 60, 13),
(1697, b'0', 33, 14),
(1698, b'0', 34, 14),
(1699, b'0', 35, 14),
(1700, b'0', 36, 14),
(1701, b'0', 37, 14),
(1702, b'0', 38, 14),
(1703, b'0', 39, 14),
(1704, b'0', 40, 14),
(1705, b'0', 41, 14),
(1706, b'0', 42, 14),
(1707, b'0', 43, 14),
(1708, b'0', 44, 14),
(1709, b'0', 45, 14),
(1710, b'0', 46, 14),
(1711, b'0', 47, 14),
(1712, b'0', 48, 14),
(1713, b'0', 49, 14),
(1714, b'0', 50, 14),
(1715, b'0', 51, 14),
(1716, b'0', 52, 14),
(1717, b'0', 53, 14),
(1718, b'0', 54, 14),
(1719, b'0', 55, 14),
(1720, b'0', 56, 14),
(1721, b'0', 57, 14),
(1722, b'0', 58, 14),
(1723, b'0', 59, 14),
(1724, b'0', 60, 14),
(1725, b'0', 33, 15),
(1726, b'0', 34, 15),
(1727, b'0', 35, 15),
(1728, b'0', 36, 15),
(1729, b'0', 37, 15),
(1730, b'0', 38, 15),
(1731, b'0', 39, 15),
(1732, b'0', 40, 15),
(1733, b'0', 41, 15),
(1734, b'0', 42, 15),
(1735, b'0', 43, 15),
(1736, b'0', 44, 15),
(1737, b'0', 45, 15),
(1738, b'0', 46, 15),
(1739, b'0', 47, 15),
(1740, b'0', 48, 15),
(1741, b'0', 49, 15),
(1742, b'0', 50, 15),
(1743, b'0', 51, 15),
(1744, b'0', 52, 15),
(1745, b'0', 53, 15),
(1746, b'0', 54, 15),
(1747, b'0', 55, 15),
(1748, b'0', 56, 15),
(1749, b'0', 57, 15),
(1750, b'0', 58, 15),
(1751, b'0', 59, 15),
(1752, b'0', 60, 15),
(1753, b'0', 33, 16),
(1754, b'0', 34, 16),
(1755, b'0', 35, 16),
(1756, b'0', 36, 16),
(1757, b'0', 37, 16),
(1758, b'0', 38, 16),
(1759, b'0', 39, 16),
(1760, b'0', 40, 16),
(1761, b'0', 41, 16),
(1762, b'0', 42, 16),
(1763, b'0', 43, 16),
(1764, b'0', 44, 16),
(1765, b'0', 45, 16),
(1766, b'0', 46, 16),
(1767, b'0', 47, 16),
(1768, b'0', 48, 16),
(1769, b'0', 49, 16),
(1770, b'0', 50, 16),
(1771, b'0', 51, 16),
(1772, b'0', 52, 16),
(1773, b'0', 53, 16),
(1774, b'0', 54, 16),
(1775, b'0', 55, 16),
(1776, b'0', 56, 16),
(1777, b'0', 57, 16),
(1778, b'0', 58, 16),
(1779, b'0', 59, 16),
(1780, b'0', 60, 16),
(1781, b'0', 33, 17),
(1782, b'0', 34, 17),
(1783, b'0', 35, 17),
(1784, b'0', 36, 17),
(1785, b'0', 37, 17),
(1786, b'0', 38, 17),
(1787, b'0', 39, 17),
(1788, b'0', 40, 17),
(1789, b'0', 41, 17),
(1790, b'0', 42, 17),
(1791, b'0', 43, 17),
(1792, b'0', 44, 17),
(1793, b'0', 45, 17),
(1794, b'0', 46, 17),
(1795, b'0', 47, 17),
(1796, b'0', 48, 17),
(1797, b'0', 49, 17),
(1798, b'0', 50, 17),
(1799, b'0', 51, 17),
(1800, b'0', 52, 17),
(1801, b'0', 53, 17),
(1802, b'0', 54, 17),
(1803, b'0', 55, 17),
(1804, b'0', 56, 17),
(1805, b'0', 57, 17),
(1806, b'0', 58, 17),
(1807, b'0', 59, 17),
(1808, b'0', 60, 17),
(1809, b'0', 33, 18),
(1810, b'0', 34, 18),
(1811, b'0', 35, 18),
(1812, b'0', 36, 18),
(1813, b'0', 37, 18),
(1814, b'0', 38, 18),
(1815, b'0', 39, 18),
(1816, b'0', 40, 18),
(1817, b'0', 41, 18),
(1818, b'0', 42, 18),
(1819, b'0', 43, 18),
(1820, b'0', 44, 18),
(1821, b'0', 45, 18),
(1822, b'0', 46, 18),
(1823, b'0', 47, 18),
(1824, b'0', 48, 18),
(1825, b'0', 49, 18),
(1826, b'0', 50, 18),
(1827, b'0', 51, 18),
(1828, b'0', 52, 18),
(1829, b'0', 53, 18),
(1830, b'0', 54, 18),
(1831, b'0', 55, 18),
(1832, b'0', 56, 18),
(1833, b'0', 57, 18),
(1834, b'0', 58, 18),
(1835, b'0', 59, 18),
(1836, b'0', 60, 18),
(1837, b'0', 33, 19),
(1838, b'0', 34, 19),
(1839, b'0', 35, 19),
(1840, b'0', 36, 19),
(1841, b'0', 37, 19),
(1842, b'0', 38, 19),
(1843, b'0', 39, 19),
(1844, b'0', 40, 19),
(1845, b'0', 41, 19),
(1846, b'0', 42, 19),
(1847, b'0', 43, 19),
(1848, b'0', 44, 19),
(1849, b'0', 45, 19),
(1850, b'0', 46, 19),
(1851, b'0', 47, 19),
(1852, b'0', 48, 19),
(1853, b'0', 49, 19),
(1854, b'0', 50, 19),
(1855, b'0', 51, 19),
(1856, b'0', 52, 19),
(1857, b'0', 53, 19),
(1858, b'0', 54, 19),
(1859, b'0', 55, 19),
(1860, b'0', 56, 19),
(1861, b'0', 57, 19),
(1862, b'0', 58, 19),
(1863, b'0', 59, 19),
(1864, b'0', 60, 19),
(1865, b'0', 33, 20),
(1866, b'0', 34, 20),
(1867, b'0', 35, 20),
(1868, b'0', 36, 20),
(1869, b'0', 37, 20),
(1870, b'0', 38, 20),
(1871, b'0', 39, 20),
(1872, b'0', 40, 20),
(1873, b'0', 41, 20),
(1874, b'0', 42, 20),
(1875, b'0', 43, 20),
(1876, b'0', 44, 20),
(1877, b'0', 45, 20),
(1878, b'0', 46, 20),
(1879, b'0', 47, 20),
(1880, b'0', 48, 20),
(1881, b'0', 49, 20),
(1882, b'0', 50, 20),
(1883, b'0', 51, 20),
(1884, b'0', 52, 20),
(1885, b'0', 53, 20),
(1886, b'0', 54, 20),
(1887, b'0', 55, 20),
(1888, b'0', 56, 20),
(1889, b'0', 57, 20),
(1890, b'0', 58, 20),
(1891, b'0', 59, 20),
(1892, b'0', 60, 20),
(1893, b'0', 33, 21),
(1894, b'0', 34, 21),
(1895, b'0', 35, 21),
(1896, b'0', 36, 21),
(1897, b'0', 37, 21),
(1898, b'0', 38, 21),
(1899, b'0', 39, 21),
(1900, b'0', 40, 21),
(1901, b'0', 41, 21),
(1902, b'0', 42, 21),
(1903, b'0', 43, 21),
(1904, b'0', 44, 21),
(1905, b'0', 45, 21),
(1906, b'0', 46, 21),
(1907, b'0', 47, 21),
(1908, b'0', 48, 21),
(1909, b'0', 49, 21),
(1910, b'0', 50, 21),
(1911, b'0', 51, 21),
(1912, b'0', 52, 21),
(1913, b'0', 53, 21),
(1914, b'0', 54, 21),
(1915, b'0', 55, 21),
(1916, b'0', 56, 21),
(1917, b'0', 57, 21),
(1918, b'0', 58, 21),
(1919, b'0', 59, 21),
(1920, b'0', 60, 21),
(1921, b'0', 33, 22),
(1922, b'0', 34, 22),
(1923, b'0', 35, 22),
(1924, b'0', 36, 22),
(1925, b'0', 37, 22),
(1926, b'0', 38, 22),
(1927, b'0', 39, 22),
(1928, b'0', 40, 22),
(1929, b'0', 41, 22),
(1930, b'0', 42, 22),
(1931, b'0', 43, 22),
(1932, b'0', 44, 22),
(1933, b'0', 45, 22),
(1934, b'0', 46, 22),
(1935, b'0', 47, 22),
(1936, b'0', 48, 22),
(1937, b'0', 49, 22),
(1938, b'0', 50, 22),
(1939, b'0', 51, 22),
(1940, b'0', 52, 22),
(1941, b'0', 53, 22),
(1942, b'0', 54, 22),
(1943, b'0', 55, 22),
(1944, b'0', 56, 22),
(1945, b'0', 57, 22),
(1946, b'0', 58, 22),
(1947, b'0', 59, 22),
(1948, b'0', 60, 22),
(1949, b'0', 33, 23),
(1950, b'0', 34, 23),
(1951, b'0', 35, 23),
(1952, b'0', 36, 23),
(1953, b'0', 37, 23),
(1954, b'0', 38, 23),
(1955, b'0', 39, 23),
(1956, b'0', 40, 23),
(1957, b'0', 41, 23),
(1958, b'0', 42, 23),
(1959, b'0', 43, 23),
(1960, b'0', 44, 23),
(1961, b'0', 45, 23),
(1962, b'0', 46, 23),
(1963, b'0', 47, 23),
(1964, b'0', 48, 23),
(1965, b'0', 49, 23),
(1966, b'0', 50, 23),
(1967, b'0', 51, 23),
(1968, b'0', 52, 23),
(1969, b'0', 53, 23),
(1970, b'0', 54, 23),
(1971, b'0', 55, 23),
(1972, b'0', 56, 23),
(1973, b'0', 57, 23),
(1974, b'0', 58, 23),
(1975, b'0', 59, 23),
(1976, b'0', 60, 23),
(1977, b'0', 33, 24),
(1978, b'0', 34, 24),
(1979, b'0', 35, 24),
(1980, b'0', 36, 24),
(1981, b'0', 37, 24),
(1982, b'0', 38, 24),
(1983, b'0', 39, 24),
(1984, b'0', 40, 24),
(1985, b'0', 41, 24),
(1986, b'0', 42, 24),
(1987, b'0', 43, 24),
(1988, b'0', 44, 24),
(1989, b'0', 45, 24),
(1990, b'0', 46, 24),
(1991, b'0', 47, 24),
(1992, b'0', 48, 24),
(1993, b'0', 49, 24),
(1994, b'0', 50, 24),
(1995, b'0', 51, 24),
(1996, b'0', 52, 24),
(1997, b'0', 53, 24),
(1998, b'0', 54, 24),
(1999, b'0', 55, 24),
(2000, b'0', 56, 24),
(2001, b'0', 57, 24),
(2002, b'0', 58, 24),
(2003, b'0', 59, 24),
(2004, b'0', 60, 24),
(2005, b'0', 33, 25),
(2006, b'0', 34, 25),
(2007, b'0', 35, 25),
(2008, b'0', 36, 25),
(2009, b'0', 37, 25),
(2010, b'0', 38, 25),
(2011, b'0', 39, 25),
(2012, b'0', 40, 25),
(2013, b'0', 41, 25),
(2014, b'0', 42, 25),
(2015, b'0', 43, 25),
(2016, b'0', 44, 25),
(2017, b'0', 45, 25),
(2018, b'0', 46, 25),
(2019, b'0', 47, 25),
(2020, b'0', 48, 25),
(2021, b'0', 49, 25),
(2022, b'0', 50, 25),
(2023, b'0', 51, 25),
(2024, b'0', 52, 25),
(2025, b'0', 53, 25),
(2026, b'0', 54, 25),
(2027, b'0', 55, 25),
(2028, b'0', 56, 25),
(2029, b'0', 57, 25),
(2030, b'0', 58, 25),
(2031, b'0', 59, 25),
(2032, b'0', 60, 25),
(2033, b'0', 33, 26),
(2034, b'0', 34, 26),
(2035, b'0', 35, 26),
(2036, b'0', 36, 26),
(2037, b'0', 37, 26),
(2038, b'0', 38, 26),
(2039, b'0', 39, 26),
(2040, b'0', 40, 26),
(2041, b'0', 41, 26),
(2042, b'0', 42, 26),
(2043, b'0', 43, 26),
(2044, b'0', 44, 26),
(2045, b'0', 45, 26),
(2046, b'0', 46, 26),
(2047, b'0', 47, 26),
(2048, b'0', 48, 26),
(2049, b'0', 49, 26),
(2050, b'0', 50, 26),
(2051, b'0', 51, 26),
(2052, b'0', 52, 26),
(2053, b'0', 53, 26),
(2054, b'0', 54, 26),
(2055, b'0', 55, 26),
(2056, b'0', 56, 26),
(2057, b'0', 57, 26),
(2058, b'0', 58, 26),
(2059, b'0', 59, 26),
(2060, b'0', 60, 26),
(2061, b'0', 33, 27),
(2062, b'0', 34, 27),
(2063, b'0', 35, 27),
(2064, b'0', 36, 27),
(2065, b'0', 37, 27),
(2066, b'0', 38, 27),
(2067, b'0', 39, 27),
(2068, b'0', 40, 27),
(2069, b'0', 41, 27),
(2070, b'0', 42, 27),
(2071, b'0', 43, 27),
(2072, b'0', 44, 27),
(2073, b'0', 45, 27),
(2074, b'0', 46, 27),
(2075, b'0', 47, 27),
(2076, b'0', 48, 27),
(2077, b'0', 49, 27),
(2078, b'0', 50, 27),
(2079, b'0', 51, 27),
(2080, b'0', 52, 27),
(2081, b'0', 53, 27),
(2082, b'0', 54, 27),
(2083, b'0', 55, 27),
(2084, b'0', 56, 27),
(2085, b'0', 57, 27),
(2086, b'0', 58, 27),
(2087, b'0', 59, 27),
(2088, b'0', 60, 27),
(2089, b'0', 33, 28),
(2090, b'0', 34, 28),
(2091, b'0', 35, 28),
(2092, b'0', 36, 28),
(2093, b'0', 37, 28),
(2094, b'0', 38, 28),
(2095, b'0', 39, 28),
(2096, b'0', 40, 28),
(2097, b'0', 41, 28),
(2098, b'0', 42, 28),
(2099, b'0', 43, 28),
(2100, b'0', 44, 28),
(2101, b'0', 45, 28),
(2102, b'0', 46, 28),
(2103, b'0', 47, 28),
(2104, b'0', 48, 28),
(2105, b'0', 49, 28),
(2106, b'0', 50, 28),
(2107, b'0', 51, 28),
(2108, b'0', 52, 28),
(2109, b'0', 53, 28),
(2110, b'0', 54, 28),
(2111, b'0', 55, 28),
(2112, b'0', 56, 28),
(2113, b'0', 57, 28),
(2114, b'0', 58, 28),
(2115, b'0', 59, 28),
(2116, b'0', 60, 28),
(2117, b'0', 33, 29),
(2118, b'0', 34, 29),
(2119, b'0', 35, 29),
(2120, b'0', 36, 29),
(2121, b'0', 37, 29),
(2122, b'0', 38, 29),
(2123, b'0', 39, 29),
(2124, b'0', 40, 29),
(2125, b'0', 41, 29),
(2126, b'0', 42, 29),
(2127, b'0', 43, 29),
(2128, b'0', 44, 29),
(2129, b'0', 45, 29),
(2130, b'0', 46, 29),
(2131, b'0', 47, 29),
(2132, b'0', 48, 29),
(2133, b'0', 49, 29),
(2134, b'0', 50, 29),
(2135, b'0', 51, 29),
(2136, b'0', 52, 29),
(2137, b'0', 53, 29),
(2138, b'0', 54, 29),
(2139, b'0', 55, 29),
(2140, b'0', 56, 29),
(2141, b'0', 57, 29),
(2142, b'0', 58, 29),
(2143, b'0', 59, 29),
(2144, b'0', 60, 29),
(2145, b'0', 33, 30),
(2146, b'0', 34, 30),
(2147, b'0', 35, 30),
(2148, b'0', 36, 30),
(2149, b'0', 37, 30),
(2150, b'0', 38, 30),
(2151, b'0', 39, 30),
(2152, b'0', 40, 30),
(2153, b'0', 41, 30),
(2154, b'0', 42, 30),
(2155, b'0', 43, 30),
(2156, b'0', 44, 30),
(2157, b'0', 45, 30),
(2158, b'0', 46, 30),
(2159, b'0', 47, 30),
(2160, b'0', 48, 30),
(2161, b'0', 49, 30),
(2162, b'0', 50, 30),
(2163, b'0', 51, 30),
(2164, b'0', 52, 30),
(2165, b'0', 53, 30),
(2166, b'0', 54, 30),
(2167, b'0', 55, 30),
(2168, b'0', 56, 30),
(2169, b'0', 57, 30),
(2170, b'0', 58, 30),
(2171, b'0', 59, 30),
(2172, b'0', 60, 30),
(2173, b'0', 33, 31),
(2174, b'0', 34, 31),
(2175, b'0', 35, 31),
(2176, b'0', 36, 31),
(2177, b'0', 37, 31),
(2178, b'0', 38, 31),
(2179, b'0', 39, 31),
(2180, b'0', 40, 31),
(2181, b'0', 41, 31),
(2182, b'0', 42, 31),
(2183, b'0', 43, 31),
(2184, b'0', 44, 31),
(2185, b'0', 45, 31),
(2186, b'0', 46, 31),
(2187, b'0', 47, 31),
(2188, b'0', 48, 31),
(2189, b'0', 49, 31),
(2190, b'0', 50, 31),
(2191, b'0', 51, 31),
(2192, b'0', 52, 31),
(2193, b'0', 53, 31),
(2194, b'0', 54, 31),
(2195, b'0', 55, 31),
(2196, b'0', 56, 31),
(2197, b'0', 57, 31),
(2198, b'0', 58, 31),
(2199, b'0', 59, 31),
(2200, b'0', 60, 31),
(2201, b'0', 33, 32),
(2202, b'0', 34, 32),
(2203, b'0', 35, 32),
(2204, b'0', 36, 32),
(2205, b'0', 37, 32),
(2206, b'0', 38, 32),
(2207, b'0', 39, 32),
(2208, b'0', 40, 32),
(2209, b'0', 41, 32),
(2210, b'0', 42, 32),
(2211, b'0', 43, 32),
(2212, b'0', 44, 32),
(2213, b'0', 45, 32),
(2214, b'0', 46, 32),
(2215, b'0', 47, 32),
(2216, b'0', 48, 32),
(2217, b'0', 49, 32),
(2218, b'0', 50, 32),
(2219, b'0', 51, 32),
(2220, b'0', 52, 32),
(2221, b'0', 53, 32),
(2222, b'0', 54, 32),
(2223, b'0', 55, 32),
(2224, b'0', 56, 32),
(2225, b'0', 57, 32),
(2226, b'0', 58, 32),
(2227, b'0', 59, 32),
(2228, b'0', 60, 32),
(2229, b'0', 33, 33),
(2230, b'0', 34, 33),
(2231, b'0', 35, 33),
(2232, b'0', 36, 33),
(2233, b'0', 37, 33),
(2234, b'0', 38, 33),
(2235, b'0', 39, 33),
(2236, b'0', 40, 33),
(2237, b'0', 41, 33),
(2238, b'0', 42, 33),
(2239, b'0', 43, 33),
(2240, b'0', 44, 33),
(2241, b'0', 45, 33),
(2242, b'0', 46, 33),
(2243, b'0', 47, 33),
(2244, b'0', 48, 33),
(2245, b'0', 49, 33),
(2246, b'0', 50, 33),
(2247, b'0', 51, 33),
(2248, b'0', 52, 33),
(2249, b'0', 53, 33),
(2250, b'0', 54, 33),
(2251, b'0', 55, 33),
(2252, b'0', 56, 33),
(2253, b'0', 57, 33),
(2254, b'0', 58, 33),
(2255, b'0', 59, 33),
(2256, b'0', 60, 33),
(2257, b'0', 34, 34),
(2259, b'0', 35, 34),
(2260, b'0', 36, 34),
(2261, b'0', 37, 34),
(2262, b'0', 38, 34),
(2263, b'0', 39, 34),
(2264, b'0', 40, 34),
(2265, b'0', 41, 34),
(2266, b'0', 42, 34),
(2267, b'0', 43, 34),
(2268, b'0', 44, 34),
(2269, b'0', 45, 34),
(2270, b'0', 46, 34),
(2271, b'0', 47, 34),
(2272, b'0', 48, 34),
(2273, b'0', 49, 34),
(2274, b'0', 50, 34),
(2275, b'0', 51, 34),
(2276, b'0', 52, 34),
(2277, b'0', 53, 34),
(2278, b'0', 54, 34),
(2279, b'0', 55, 34),
(2280, b'0', 56, 34),
(2281, b'0', 57, 34),
(2282, b'0', 58, 34),
(2283, b'0', 59, 34),
(2284, b'0', 60, 34),
(2286, b'0', 35, 35),
(2288, b'0', 36, 35),
(2289, b'0', 37, 35),
(2290, b'0', 38, 35),
(2291, b'0', 39, 35),
(2292, b'0', 40, 35),
(2293, b'0', 41, 35),
(2294, b'0', 42, 35),
(2295, b'0', 43, 35),
(2296, b'0', 44, 35),
(2297, b'0', 45, 35),
(2298, b'0', 46, 35),
(2299, b'0', 47, 35),
(2300, b'0', 48, 35),
(2301, b'0', 49, 35),
(2302, b'0', 50, 35),
(2303, b'0', 51, 35),
(2304, b'0', 52, 35),
(2305, b'0', 53, 35),
(2306, b'0', 54, 35),
(2307, b'0', 55, 35),
(2308, b'0', 56, 35),
(2309, b'0', 57, 35),
(2310, b'0', 58, 35),
(2311, b'0', 59, 35),
(2312, b'0', 60, 35),
(2313, b'0', 33, 36),
(2314, b'0', 34, 36),
(2315, b'0', 35, 36),
(2316, b'0', 36, 36),
(2317, b'0', 37, 36),
(2318, b'0', 38, 36),
(2319, b'0', 39, 36),
(2320, b'0', 40, 36),
(2321, b'0', 41, 36),
(2322, b'0', 42, 36),
(2323, b'0', 43, 36),
(2324, b'0', 44, 36),
(2325, b'0', 45, 36),
(2326, b'0', 46, 36),
(2327, b'0', 47, 36),
(2328, b'0', 48, 36),
(2329, b'0', 49, 36),
(2330, b'0', 50, 36),
(2331, b'0', 51, 36),
(2332, b'0', 52, 36),
(2333, b'0', 53, 36),
(2334, b'0', 54, 36),
(2335, b'0', 55, 36),
(2336, b'0', 56, 36),
(2337, b'0', 57, 36),
(2338, b'0', 58, 36),
(2339, b'0', 59, 36),
(2340, b'0', 60, 36),
(2341, b'0', 33, 34),
(2342, b'0', 34, 35),
(2343, b'0', 33, 35),
(2344, b'0', 33, 37),
(2345, b'0', 34, 37),
(2346, b'0', 35, 37),
(2347, b'0', 36, 37),
(2348, b'0', 37, 37),
(2349, b'0', 38, 37),
(2350, b'0', 39, 37),
(2351, b'0', 40, 37),
(2352, b'0', 41, 37),
(2353, b'0', 42, 37),
(2354, b'0', 43, 37),
(2355, b'0', 44, 37),
(2356, b'0', 45, 37),
(2357, b'0', 46, 37),
(2358, b'0', 47, 37),
(2359, b'0', 48, 37),
(2360, b'0', 49, 37),
(2361, b'0', 50, 37),
(2362, b'0', 51, 37),
(2363, b'0', 52, 37),
(2364, b'0', 53, 37),
(2365, b'0', 54, 37),
(2366, b'0', 55, 37),
(2367, b'0', 56, 37),
(2368, b'0', 57, 37),
(2369, b'0', 58, 37),
(2370, b'0', 59, 37),
(2371, b'0', 60, 37),
(2372, b'0', 33, 38),
(2373, b'0', 34, 38),
(2374, b'0', 35, 38),
(2375, b'0', 36, 38),
(2376, b'0', 37, 38),
(2377, b'0', 38, 38),
(2378, b'0', 39, 38),
(2379, b'0', 40, 38),
(2380, b'0', 41, 38),
(2381, b'0', 42, 38),
(2382, b'0', 43, 38),
(2383, b'0', 44, 38),
(2384, b'0', 45, 38),
(2385, b'0', 46, 38),
(2386, b'0', 47, 38),
(2387, b'0', 48, 38),
(2388, b'0', 49, 38),
(2389, b'0', 50, 38),
(2390, b'0', 51, 38),
(2391, b'0', 52, 38),
(2392, b'0', 53, 38),
(2393, b'0', 54, 38),
(2394, b'0', 55, 38),
(2395, b'0', 56, 38),
(2396, b'0', 57, 38),
(2397, b'0', 58, 38),
(2398, b'0', 59, 38),
(2399, b'0', 60, 38),
(2400, b'0', 33, 39),
(2401, b'0', 34, 39),
(2402, b'0', 35, 39),
(2403, b'0', 36, 39),
(2404, b'0', 37, 39),
(2405, b'0', 38, 39),
(2406, b'0', 39, 39),
(2407, b'0', 40, 39),
(2408, b'0', 41, 39),
(2409, b'0', 42, 39),
(2410, b'0', 43, 39),
(2411, b'0', 44, 39),
(2412, b'0', 45, 39),
(2413, b'0', 46, 39),
(2414, b'0', 47, 39),
(2415, b'0', 48, 39),
(2416, b'0', 49, 39),
(2417, b'0', 50, 39),
(2418, b'0', 51, 39),
(2419, b'0', 52, 39),
(2420, b'0', 53, 39),
(2421, b'0', 54, 39),
(2422, b'0', 55, 39),
(2423, b'0', 56, 39),
(2424, b'0', 57, 39),
(2425, b'0', 58, 39),
(2426, b'0', 59, 39),
(2427, b'0', 60, 39),
(2428, b'0', 33, 40),
(2429, b'0', 34, 40),
(2430, b'0', 35, 40),
(2431, b'0', 36, 40),
(2432, b'0', 37, 40),
(2433, b'0', 38, 40),
(2434, b'0', 39, 40),
(2435, b'0', 40, 40),
(2436, b'0', 41, 40),
(2437, b'0', 42, 40),
(2438, b'0', 43, 40),
(2439, b'0', 44, 40),
(2440, b'0', 45, 40),
(2441, b'0', 46, 40),
(2442, b'0', 47, 40),
(2443, b'0', 48, 40),
(2444, b'0', 49, 40),
(2445, b'0', 50, 40),
(2446, b'0', 51, 40),
(2447, b'0', 52, 40),
(2448, b'0', 53, 40),
(2449, b'0', 54, 40),
(2450, b'0', 55, 40),
(2451, b'0', 56, 40),
(2452, b'0', 57, 40),
(2453, b'0', 58, 40),
(2454, b'0', 59, 40),
(2455, b'0', 60, 40),
(2456, b'0', 33, 41),
(2457, b'0', 34, 41),
(2458, b'0', 35, 41),
(2459, b'0', 36, 41),
(2460, b'0', 37, 41),
(2461, b'0', 38, 41),
(2462, b'0', 39, 41),
(2463, b'0', 40, 41),
(2464, b'0', 41, 41),
(2465, b'0', 42, 41),
(2466, b'0', 43, 41),
(2467, b'0', 44, 41),
(2468, b'0', 45, 41),
(2469, b'0', 46, 41),
(2470, b'0', 47, 41),
(2471, b'0', 48, 41),
(2472, b'0', 49, 41),
(2473, b'0', 50, 41),
(2474, b'0', 51, 41),
(2475, b'0', 52, 41),
(2476, b'0', 53, 41),
(2477, b'0', 54, 41),
(2478, b'0', 55, 41),
(2479, b'0', 56, 41),
(2480, b'0', 57, 41),
(2481, b'0', 58, 41),
(2482, b'0', 59, 41),
(2483, b'0', 60, 41),
(2484, b'0', 33, 42),
(2485, b'0', 34, 42),
(2486, b'0', 35, 42),
(2487, b'0', 36, 42),
(2488, b'0', 37, 42),
(2489, b'0', 38, 42),
(2490, b'0', 39, 42),
(2491, b'0', 40, 42),
(2492, b'0', 41, 42),
(2493, b'0', 42, 42),
(2494, b'0', 43, 42),
(2495, b'0', 44, 42),
(2496, b'0', 45, 42),
(2497, b'0', 46, 42),
(2498, b'0', 47, 42),
(2499, b'0', 48, 42),
(2500, b'0', 49, 42),
(2501, b'0', 50, 42),
(2502, b'0', 51, 42),
(2503, b'0', 52, 42),
(2504, b'0', 53, 42),
(2505, b'0', 54, 42),
(2506, b'0', 55, 42),
(2507, b'0', 56, 42),
(2508, b'0', 57, 42),
(2509, b'0', 58, 42),
(2510, b'0', 59, 42),
(2511, b'0', 60, 42),
(2512, b'0', 33, 43),
(2513, b'0', 34, 43),
(2514, b'0', 35, 43),
(2515, b'0', 36, 43),
(2516, b'0', 37, 43),
(2517, b'0', 38, 43),
(2518, b'0', 39, 43),
(2519, b'0', 40, 43),
(2520, b'0', 41, 43),
(2521, b'0', 42, 43),
(2522, b'0', 43, 43),
(2523, b'0', 44, 43),
(2524, b'0', 45, 43),
(2525, b'0', 46, 43),
(2526, b'0', 47, 43),
(2527, b'0', 48, 43),
(2528, b'0', 49, 43),
(2529, b'0', 50, 43),
(2530, b'0', 51, 43),
(2531, b'0', 52, 43),
(2532, b'0', 53, 43),
(2533, b'0', 54, 43),
(2534, b'0', 55, 43),
(2535, b'0', 56, 43),
(2536, b'0', 57, 43),
(2537, b'0', 58, 43),
(2538, b'0', 59, 43),
(2539, b'0', 60, 43),
(2540, b'0', 33, 44),
(2541, b'0', 34, 44),
(2542, b'0', 35, 44),
(2543, b'0', 36, 44),
(2544, b'0', 37, 44),
(2545, b'0', 38, 44),
(2546, b'0', 39, 44),
(2547, b'0', 40, 44),
(2548, b'0', 41, 44),
(2549, b'0', 42, 44),
(2550, b'0', 43, 44),
(2551, b'0', 44, 44),
(2552, b'0', 45, 44),
(2553, b'0', 46, 44),
(2554, b'0', 47, 44),
(2555, b'0', 48, 44),
(2556, b'0', 49, 44),
(2557, b'0', 50, 44),
(2558, b'0', 51, 44),
(2559, b'0', 52, 44),
(2560, b'0', 53, 44),
(2561, b'0', 54, 44),
(2562, b'0', 55, 44),
(2563, b'0', 56, 44),
(2564, b'0', 57, 44),
(2565, b'0', 58, 44),
(2566, b'0', 59, 44),
(2567, b'0', 60, 44),
(2568, b'0', 33, 45),
(2569, b'0', 34, 45),
(2570, b'0', 35, 45),
(2571, b'0', 36, 45),
(2572, b'0', 37, 45),
(2573, b'0', 38, 45),
(2574, b'0', 39, 45),
(2575, b'0', 40, 45),
(2576, b'0', 41, 45),
(2577, b'0', 42, 45),
(2578, b'0', 43, 45),
(2579, b'0', 44, 45),
(2580, b'0', 45, 45),
(2581, b'0', 46, 45),
(2582, b'0', 47, 45),
(2583, b'0', 48, 45),
(2584, b'0', 49, 45),
(2585, b'0', 50, 45),
(2586, b'0', 51, 45),
(2587, b'0', 52, 45),
(2588, b'0', 53, 45),
(2589, b'0', 54, 45),
(2590, b'0', 55, 45),
(2591, b'0', 56, 45),
(2592, b'0', 57, 45),
(2593, b'0', 58, 45),
(2594, b'0', 59, 45),
(2595, b'0', 60, 45),
(2596, b'0', 33, 46),
(2597, b'0', 34, 46),
(2598, b'0', 35, 46),
(2599, b'0', 36, 46),
(2600, b'0', 37, 46),
(2601, b'0', 38, 46),
(2602, b'0', 39, 46),
(2603, b'0', 40, 46),
(2604, b'0', 41, 46),
(2605, b'0', 42, 46),
(2606, b'0', 43, 46),
(2607, b'0', 44, 46),
(2608, b'0', 45, 46),
(2609, b'0', 46, 46),
(2610, b'0', 47, 46),
(2611, b'0', 48, 46),
(2612, b'0', 49, 46),
(2613, b'0', 50, 46),
(2614, b'0', 51, 46),
(2615, b'0', 52, 46),
(2616, b'0', 53, 46),
(2617, b'0', 54, 46),
(2618, b'0', 55, 46),
(2619, b'0', 56, 46),
(2620, b'0', 57, 46),
(2621, b'0', 58, 46),
(2622, b'0', 59, 46),
(2623, b'0', 60, 46);

-- --------------------------------------------------------

--
-- Cấu trúc bảng cho bảng `room_movie_schedules`
--

CREATE TABLE `room_movie_schedules` (
  `id` int(11) NOT NULL,
  `movie_id` int(11) DEFAULT NULL,
  `room_id` int(11) DEFAULT NULL,
  `schedule_id` int(11) DEFAULT NULL
) ENGINE=InnoDB DEFAULT CHARSET=utf8mb4 COLLATE=utf8mb4_general_ci;

--
-- Đang đổ dữ liệu cho bảng `room_movie_schedules`
--

INSERT INTO `room_movie_schedules` (`id`, `movie_id`, `room_id`, `schedule_id`) VALUES
(1, 1, 10, 39),
(2, 32, 6, 4),
(3, 1, 6, 5),
(4, 1, 6, 6),
(5, 1, 6, 7),
(6, 33, 7, 8),
(7, 1, 6, 9),
(8, 1, 6, 10),
(9, 32, 16, 11),
(10, 1, 6, 12);

-- --------------------------------------------------------

--
-- Cấu trúc bảng cho bảng `schedules`
--

CREATE TABLE `schedules` (
  `id` int(11) NOT NULL,
  `time` datetime(6) DEFAULT NULL
) ENGINE=InnoDB DEFAULT CHARSET=utf8mb4 COLLATE=utf8mb4_general_ci;

--
-- Đang đổ dữ liệu cho bảng `schedules`
--

INSERT INTO `schedules` (`id`, `time`) VALUES
(1, '2020-10-13 12:10:00.000000'),
(2, '2020-10-14 01:10:00.000000'),
(3, '2020-10-13 12:15:00.000000'),
(4, '2020-10-14 10:10:00.000000'),
(5, '2020-10-21 22:00:00.000000'),
(6, '2020-11-30 23:47:00.000000'),
(7, '2020-12-04 08:18:00.000000'),
(8, '2020-12-15 23:07:00.000000'),
(9, '2020-12-16 14:10:00.000000'),
(10, '2020-12-19 19:58:00.000000'),
(11, '2020-12-29 11:29:00.000000'),
(12, '2020-12-30 10:50:00.000000'),
(13, '2023-11-22 12:15:00.000000'),
(14, '2023-11-27 12:15:00.000000'),
(15, '2023-11-27 12:15:00.000000'),
(16, '2023-11-28 12:15:00.000000'),
(17, '2023-11-28 12:15:00.000000'),
(18, '2023-12-04 12:15:00.000000'),
(19, '2023-12-04 12:15:00.000000'),
(20, '2023-12-06 12:15:00.000000'),
(21, '2023-12-07 12:15:00.000000'),
(22, '2023-12-07 21:00:00.000000'),
(23, '2023-12-08 21:00:00.000000'),
(24, '2023-12-08 21:00:00.000000'),
(25, '2023-12-08 21:00:00.000000'),
(26, '2023-12-09 21:00:00.000000'),
(27, '2023-12-09 21:00:00.000000'),
(28, '2023-12-09 21:00:00.000000'),
(29, '2023-12-09 21:00:00.000000'),
(30, '2023-12-09 21:00:00.000000'),
(31, '2023-12-09 21:00:00.000000'),
(32, '2023-12-09 21:00:00.000000'),
(33, '2023-12-09 21:00:00.000000'),
(34, '2023-12-09 21:00:00.000000'),
(35, '2023-12-09 21:00:00.000000'),
(36, '2023-12-09 21:00:00.000000'),
(37, '2023-12-09 21:00:00.000000'),
(38, '2023-12-09 21:00:00.000000'),
(39, '2023-12-09 21:00:00.000000');

-- --------------------------------------------------------

--
-- Cấu trúc bảng cho bảng `tickets`
--

CREATE TABLE `tickets` (
  `id` int(11) NOT NULL,
  `code` varchar(255) NOT NULL,
  `date` date NOT NULL,
  `is_pay` bit(1) NOT NULL,
  `is_received` bit(1) NOT NULL,
  `room_chair_id` int(11) DEFAULT NULL,
  `room_movie_schedule_id` int(11) DEFAULT NULL,
  `user_id` int(11) DEFAULT NULL,
  `amount` int(11) NOT NULL
) ENGINE=InnoDB DEFAULT CHARSET=utf8mb4 COLLATE=utf8mb4_general_ci;

--
-- Đang đổ dữ liệu cho bảng `tickets`
--

INSERT INTO `tickets` (`id`, `code`, `date`, `is_pay`, `is_received`, `room_chair_id`, `room_movie_schedule_id`, `user_id`, `amount`) VALUES
(1, 'ABB7AFD8-7E11', '2020-10-12', b'1', b'0', 161, 1, 1, 60),
(2, '5E390022-4C1D', '2020-10-20', b'1', b'1', 162, 3, 1, 60),
(3, '0EAC893A-E195', '2020-10-20', b'0', b'0', 163, 3, 1, 60),
(4, 'D18D5C77-E196', '2020-11-29', b'0', b'0', 164, 4, 2, 40),
(5, '7A51F7DF-D202', '2020-11-29', b'0', b'0', 165, 4, 2, 40),
(6, 'EDBF4704-DA8D', '2020-12-03', b'0', b'0', 166, 5, 1, 40),
(7, '7086A0E2-F5B8', '2020-12-03', b'0', b'0', 172, 5, 1, 40),
(8, '60757631-6890', '2020-12-15', b'0', b'0', 167, 7, 1, 40),
(9, '9ECAE4E5-21F7', '2020-12-19', b'0', b'0', 173, 8, 2, 40),
(10, '4EC240BA-2428', '2020-12-29', b'0', b'0', 169, 10, 2, 40),
(11, '545D4DC6-A583', '2020-12-29', b'0', b'0', 170, 10, 1, 40),
(12, '3F8BF350-40DA', '2020-12-29', b'0', b'0', 171, 10, 1, 40),
(13, 'FD0B08CC-ACD1', '2023-11-21', b'0', b'0', 180, 1, 2, 40),
(14, 'D625DFD1-F4E9', '2023-11-21', b'0', b'0', 170, 1, 2, 40),
(15, '5E8B4061-DE81', '2023-11-27', b'0', b'0', 175, 1, 2, 40),
(16, '023C0B89-781F', '2023-11-27', b'0', b'0', 175, 1, 2, 40),
(17, '77B48ACD-DC08', '2023-11-27', b'0', b'0', 176, 1, 2, 40),
(18, 'BAA1C24C-5FA1', '2023-11-27', b'0', b'0', 189, 1, 2, 40),
(19, 'BEE4F074-F27C', '2023-11-27', b'0', b'0', 189, 1, 2, 40),
(20, '81DC3ABC-AB88', '2023-11-27', b'0', b'0', 189, 1, 2, 40),
(21, '8B56F730-92E4', '2023-11-27', b'0', b'0', 190, 1, 2, 40),
(22, '210063BE-7EF0', '2023-11-27', b'0', b'0', 190, 1, 2, 40),
(23, '86CFB8C4-70DC', '2023-11-27', b'0', b'0', 191, 1, 2, 40),
(24, '4FFBB004-3789', '2023-11-27', b'0', b'0', 186, 1, 2, 40),
(25, 'FC905083-ABA3', '2023-11-27', b'0', b'0', 186, 1, 2, 40),
(26, 'AA7585B4-1300', '2023-11-27', b'0', b'0', 187, 1, 2, 40),
(27, 'E388F0A8-C600', '2023-11-27', b'0', b'0', 177, 1, 2, 40),
(28, 'A0D363C4-7CEA', '2023-11-27', b'0', b'0', 177, 1, 2, 40),
(29, '2CC6B9BC-2851', '2023-11-27', b'0', b'0', 177, 1, 2, 40),
(30, '9BB77DE9-1004', '2023-11-27', b'0', b'0', 178, 1, 2, 40),
(31, '52F597EF-606E', '2023-11-27', b'0', b'0', 178, 1, 2, 40),
(32, '359648C8-23BE', '2023-11-27', b'0', b'0', 179, 1, 2, 40),
(33, '05C0B0A2-A75F', '2023-11-27', b'0', b'0', 182, 1, 18, 40),
(34, 'DF0E5E84-1EC4', '2023-11-27', b'0', b'0', 182, 1, 18, 40),
(35, '19C46C03-DB16', '2023-11-27', b'0', b'0', 182, 1, 18, 40),
(36, '5F5A00A3-B202', '2023-11-27', b'0', b'0', 183, 1, 18, 40),
(37, '7424B7D6-9C1F', '2023-11-27', b'0', b'0', 183, 1, 18, 40),
(38, '26572CD3-3F5A', '2023-11-27', b'0', b'0', 184, 1, 18, 40),
(39, 'BD1FBF07-B153', '2023-11-27', b'0', b'0', 174, 1, 18, 40),
(41, 'DCF68C16-D819', '2023-11-27', b'0', b'0', 188, 1, 18, 40),
(42, 'D0A31B44-1CA2', '2023-11-27', b'0', b'0', 188, 1, 18, 40),
(43, '2493F26F-4787', '2023-11-27', b'0', b'0', 181, 1, 18, 40),
(44, 'E2610A32-8288', '2023-11-27', b'0', b'0', 192, 1, 18, 40),
(45, '1FD57C7D-978B', '2023-11-27', b'0', b'0', 168, 1, 18, 40),
(46, 'EFFE2DAF-C1A8', '2023-11-27', b'0', b'0', 641, 1, 18, 40),
(47, '05F7E91F-0103', '2023-11-27', b'0', b'0', 642, 1, 18, 40),
(48, '25864B0B-3BC3', '2023-11-27', b'0', b'0', 644, 1, 18, 40),
(49, 'F176ADA7-DE16', '2023-11-27', b'0', b'0', 645, 1, 18, 40),
(50, '46F64D03-EFAD', '2023-11-27', b'0', b'0', 649, 1, 18, 40),
(51, 'E8BCD903-64B5', '2023-11-27', b'0', b'0', 650, 1, 18, 40),
(52, '15DA0F89-F3F0', '2023-11-27', b'0', b'0', 661, 1, 18, 40),
(53, '907661DA-E955', '2023-11-27', b'0', b'0', 662, 1, 18, 40),
(54, '2C85D3F6-50B2', '2023-11-27', b'0', b'0', 658, 1, 18, 40),
(55, '4B28D171-98EF', '2023-11-27', b'0', b'0', 659, 1, 18, 40),
(56, 'A78C2E9B-7D97', '2023-11-27', b'0', b'0', 654, 1, 18, 40),
(57, '0001990E-FD5D', '2023-11-27', b'0', b'0', 655, 1, 18, 40),
(58, 'A544102D-AE85', '2023-11-27', b'0', b'0', 652, 1, 18, 40),
(59, '88394B95-8EAA', '2023-11-27', b'0', b'0', 653, 1, 18, 40),
(60, '132547B6-9B7D', '2023-11-27', b'0', b'0', 672, 1, 18, 40),
(61, '61B234E6-6FB6', '2023-11-27', b'0', b'0', 656, 1, 18, 40),
(62, '9215DCB4-7351', '2023-11-27', b'0', b'0', 663, 1, 18, 40),
(63, 'E0A5C325-1B84', '2023-11-27', b'0', b'0', 664, 1, 18, 40),
(64, '97505D78-4782', '2023-11-27', b'0', b'0', 643, 1, 18, 40),
(65, '659B2281-277F', '2023-11-27', b'0', b'0', 651, 1, 18, 40),
(66, 'B3B31E01-71ED', '2023-11-27', b'0', b'0', 669, 1, 18, 40),
(67, '8A03959C-93E9', '2023-11-27', b'0', b'0', 668, 1, 18, 40),
(68, '621708C8-2C44', '2023-11-27', b'0', b'0', 647, 1, 18, 40),
(69, '4623D646-B71D', '2023-11-27', b'0', b'0', 648, 1, 18, 40),
(70, 'E5045BC3-072E', '2023-11-28', b'0', b'0', 665, 1, 2, 40),
(71, 'B2466791-F678', '2023-11-28', b'0', b'0', 666, 1, 2, 40),
(72, 'BA8D4D18-3571', '2023-11-28', b'0', b'0', 961, 1, 2, 40),
(73, 'CB7849DB-4C25', '2023-11-28', b'0', b'0', 962, 1, 2, 40),
(74, '9E785F78-7C14', '2023-11-28', b'0', b'0', 963, 1, 20, 40),
(75, '77F6024E-CC8B', '2023-11-28', b'0', b'0', 964, 1, 20, 40),
(76, 'B16E2394-FE21', '2023-11-28', b'0', b'0', 965, 1, 20, 40),
(77, '5C4187A9-28B6', '2023-11-28', b'0', b'0', 966, 1, 20, 40),
(78, '9CCBF13A-9B2C', '2023-12-04', b'0', b'0', 986, 1, 2, 40),
(79, '442190F7-826D', '2023-12-04', b'0', b'0', 987, 1, 2, 40),
(80, '406D9877-6F59', '2023-12-04', b'0', b'0', 982, 1, 2, 40),
(81, 'ACB1A68C-1CDF', '2023-12-04', b'0', b'0', 983, 1, 2, 40),
(82, 'FD52B4B2-C4B7', '2023-12-04', b'0', b'0', 984, 1, 2, 40),
(83, '210760D5-4307', '2023-12-04', b'0', b'0', 977, 1, 18, 40),
(84, 'BAEF4949-6F26', '2023-12-04', b'0', b'0', 978, 1, 18, 40),
(85, 'C826822C-2F95', '2023-12-04', b'0', b'0', 979, 1, 18, 40),
(86, '292CF75F-7CD9', '2023-12-04', b'0', b'0', 973, 1, 18, 40),
(87, 'A331F913-7369', '2023-12-04', b'0', b'0', 974, 1, 18, 40),
(88, 'B6DECC22-E9DE', '2023-12-04', b'0', b'0', 975, 1, 18, 40),
(89, '86440513-48E8', '2023-12-04', b'0', b'0', 990, 1, 18, 40),
(90, '168E5932-B012', '2023-12-04', b'0', b'0', 991, 1, 18, 40),
(91, '556C0491-D7DB', '2023-12-04', b'0', b'0', 992, 1, 18, 40),
(92, 'A89B3644-6760', '2023-12-04', b'0', b'0', 988, 1, 18, 40),
(93, '393781A1-DFC0', '2023-12-04', b'0', b'0', 989, 1, 18, 40),
(94, '1D3F394E-4B52', '2023-12-04', b'0', b'0', 968, 1, 18, 40),
(95, '29CF753B-DC5F', '2023-12-04', b'0', b'0', 967, 1, 18, 40),
(96, '6EAEF04E-CBBD', '2023-12-06', b'0', b'0', 321, 1, 2, 40),
(97, 'F621B837-0286', '2023-12-06', b'0', b'0', 322, 1, 2, 40),
(98, 'DFBFBB91-1474', '2023-12-06', b'0', b'0', 323, 1, 2, 40),
(99, 'D11F5A33-C5D4', '2023-12-06', b'0', b'0', 331, 1, 2, 40),
(100, 'C3564268-627A', '2023-12-06', b'0', b'0', 332, 1, 2, 40),
(101, '55439586-EBDE', '2023-12-06', b'0', b'0', 342, 1, 2, 40),
(102, '3F37955A-8742', '2023-12-06', b'0', b'0', 343, 1, 2, 40),
(103, 'E3BC592C-DEF1', '2023-12-07', b'0', b'0', 327, 1, 2, 40),
(104, 'D97D80C1-A9FE', '2023-12-07', b'0', b'0', 328, 1, 2, 40),
(105, 'D4BA478F-BF9D', '2023-12-07', b'0', b'0', 324, 1, 2, 40),
(106, 'EF357BEC-B9F1', '2023-12-07', b'0', b'0', 350, 1, 26, 40),
(107, '5596DB97-E746', '2023-12-07', b'0', b'0', 349, 1, 26, 40),
(108, 'C15CDF68-9D4E', '2023-12-07', b'0', b'0', 348, 1, 26, 40),
(109, '99AE2AFD-FDAD', '2023-12-08', b'0', b'0', 335, 1, 2, 40),
(110, '03DBB8B0-B982', '2023-12-08', b'0', b'0', 336, 1, 2, 40),
(111, '265D884E-19B3', '2023-12-08', b'0', b'0', 330, 1, 18, 40),
(112, '83792D5F-374E', '2023-12-08', b'0', b'0', 334, 1, 18, 40),
(113, '0EA43C1A-7708', '2023-12-08', b'0', b'0', 329, 1, 18, 40),
(114, '2A541F1E-6D3D', '2023-12-08', b'0', b'0', 352, 1, 18, 40),
(115, '345021B2-F894', '2023-12-08', b'0', b'0', 346, 1, 18, 40),
(116, '840F2E7A-FEEA', '2023-12-08', b'0', b'0', 340, 1, 18, 40),
(117, '3667F1E5-025C', '2023-12-08', b'0', b'0', 339, 1, 18, 40),
(118, 'DAB1D300-AEF1', '2023-12-08', b'0', b'0', 345, 1, 18, 40),
(119, 'D58123BC-3828', '2023-12-08', b'0', b'0', 341, 1, 18, 40),
(120, '96DF3703-E84A', '2023-12-08', b'0', b'0', 337, 1, 18, 40),
(121, '03CA203A-D168', '2023-12-08', b'0', b'0', 347, 1, 18, 40),
(122, '4EA5EDA3-12CE', '2023-12-08', b'0', b'0', 351, 1, 18, 40),
(123, '8A7B8488-151A', '2023-12-08', b'0', b'0', 333, 1, 18, 40),
(124, '534A9D38-9AA9', '2023-12-08', b'0', b'0', 344, 1, 18, 40),
(125, '254ACD1A-3290', '2023-12-08', b'0', b'0', 801, 1, 2, 40),
(126, 'D769CF93-E322', '2023-12-08', b'0', b'0', 802, 1, 2, 40),
(127, 'C1FC28C9-B24D', '2023-12-08', b'0', b'0', 803, 1, 2, 40),
(128, '78CC1559-C64E', '2023-12-08', b'0', b'0', 804, 1, 2, 40),
(129, '499DF372-649A', '2023-12-08', b'0', b'0', 805, 1, 2, 40),
(130, '55E714E4-1CE4', '2023-12-08', b'0', b'0', 806, 1, 2, 40),
(131, 'D1E8D60E-B275', '2023-12-08', b'0', b'0', 810, 1, 2, 40),
(132, '444022F7-214D', '2023-12-08', b'0', b'0', 811, 1, 2, 40),
(133, 'F7883009-3493', '2023-12-08', b'0', b'0', 814, 1, 2, 40),
(134, '1D5E8D52-4C7E', '2023-12-08', b'0', b'0', 815, 1, 2, 40),
(135, 'D9367E6D-218E', '2023-12-08', b'0', b'0', 816, 1, 2, 40),
(136, '75F232A0-716B', '2023-12-08', b'0', b'0', 828, 1, 18, 40),
(137, '0790F894-7D0D', '2023-12-08', b'0', b'0', 829, 1, 18, 40),
(138, 'C7DBD6C2-72F8', '2023-12-08', b'0', b'0', 831, 1, 18, 40),
(139, 'A3995AE1-61E7', '2023-12-08', b'0', b'0', 832, 1, 18, 40),
(140, 'E6DE37D6-75D8', '2023-12-08', b'0', b'0', 826, 1, 18, 40),
(141, '7F09051B-37E9', '2023-12-08', b'0', b'0', 827, 1, 18, 40),
(142, '44D23215-BAB1', '2023-12-09', b'0', b'0', 807, 1, 2, 40),
(143, 'E13F6EAF-ECA7', '2023-12-09', b'0', b'0', 812, 1, 2, 40),
(144, '5040054C-7CE7', '2023-12-09', b'0', b'0', 819, 1, 2, 40),
(145, '2ECAF0BA-BAFC', '2023-12-09', b'0', b'0', 820, 1, 2, 40),
(146, 'BE79B17C-EF31', '2023-12-09', b'0', b'0', 1473, 1, 2, 40),
(147, '4C80D52E-2C81', '2023-12-09', b'0', b'0', 1494, 1, 2, 40),
(148, '3C4900B3-FEFC', '2023-12-09', b'0', b'0', 1495, 1, 2, 40),
(149, '39E366E1-6C07', '2023-12-09', b'0', b'0', 291, 1, 2, 40),
(150, '337BCE1D-E3F7', '2023-12-09', b'0', b'0', 292, 1, 2, 40),
(151, '376FEFE7-BCB9', '2023-12-09', b'0', b'0', 1607, 1, 2, 40),
(152, 'ECF200D9-9D62', '2023-12-09', b'0', b'0', 289, 1, 18, 40),
(153, '382A2564-3E5F', '2023-12-09', b'0', b'0', 290, 1, 18, 40);

-- --------------------------------------------------------

--
-- Cấu trúc bảng cho bảng `tokens`
--

CREATE TABLE `tokens` (
  `id` int(11) NOT NULL,
  `is_used` bit(1) NOT NULL,
  `password` varchar(255) NOT NULL,
  `time_create` datetime(6) DEFAULT NULL,
  `token` varchar(255) NOT NULL,
  `username` varchar(255) NOT NULL
) ENGINE=InnoDB DEFAULT CHARSET=utf8mb4 COLLATE=utf8mb4_general_ci;

--
-- Đang đổ dữ liệu cho bảng `tokens`
--

INSERT INTO `tokens` (`id`, `is_used`, `password`, `time_create`, `token`, `username`) VALUES
(1, b'0', '123', '2020-11-06 22:29:43.441456', '18a030e9-4d6b-43dd-88ce-39d189307d20', 'vovantam'),
(2, b'0', '$2a$10$SaVb5aggg0yZGujTWtD9DOn4tNvWR6J7qUUzcVpFmH3PYMXaGK9DC', '2020-11-06 22:59:25.766255', 'b788cbae-f9cc-4ff8-b9c5-f715206ad18d', 'vovantam'),
(3, b'1', '$2a$10$lnRwX52YSoznCXlOfAyOVu4tYlt4tSxgFViDtpwHuvS.HkSa2yiJa', '2020-11-06 23:03:09.163435', 'e1cb1a31-946f-4cef-bef0-f3b62654f4fb', 'vovantam'),
(4, b'1', '$2a$10$SK9iNdEBOGG.o3vRlM4LeOaz.7kIN5sm34nLYY/Vmjip2dxnlyKE6', '2020-11-06 23:08:07.885145', '200738e2-3cc4-4ee6-acb6-163745a935cf', 'vovantam'),
(5, b'1', '$2a$10$OjXAx51E1NOtQClVBl6Ah..RPKXe6bOFBOIJ4G7QdPUffNJN2hQJ6', '2020-11-07 00:06:12.162066', '5041c754-1a9c-4453-bbb2-a70aca51fc6e', 'vovantam'),
(6, b'1', '$2a$10$O.391eobKWXSZJL7EaUvJO5/i7b/yri5ECp1QILgidMLBdDpU.hqq', '2020-11-07 00:10:37.644246', '06234e6f-fd3e-45b2-87ae-ce39916184e3', 'vovantam');

-- --------------------------------------------------------

--
-- Cấu trúc bảng cho bảng `users`
--

CREATE TABLE `users` (
  `id` int(11) NOT NULL,
  `date_of_birth` date DEFAULT NULL,
  `email` varchar(255) NOT NULL,
  `full_name` varchar(255) NOT NULL,
  `gender` bit(1) NOT NULL,
  `password` varchar(255) NOT NULL,
  `role` varchar(255) NOT NULL,
  `username` varchar(255) NOT NULL,
  `phone` varchar(255) DEFAULT NULL,
  `cinema_love` varchar(255) DEFAULT NULL,
  `zone` varchar(255) DEFAULT NULL,
  `image_url` varchar(255) DEFAULT NULL
) ENGINE=InnoDB DEFAULT CHARSET=utf8mb4 COLLATE=utf8mb4_general_ci;

--
-- Đang đổ dữ liệu cho bảng `users`
--

INSERT INTO `users` (`id`, `date_of_birth`, `email`, `full_name`, `gender`, `password`, `role`, `username`, `phone`, `cinema_love`, `zone`, `image_url`) VALUES
(1, '2020-07-30', 'vovantam.dev@gmail.com', 'Võ Văn Tâm 12', b'1', '$2a$10$O.391eobKWXSZJL7EaUvJO5/i7b/yri5ECp1QILgidMLBdDpU.hqq', 'ROLE_USER', 'vovantam', '0859292357', 'CGV', 'Đà Nẵng', NULL),
(2, '2020-07-30', 'vovantam@outlook.com', 'Admin', b'1', '$2a$10$2JRLVnEjFWZH6gNVCgqj6.EaAt9x28Ytg/GikYqJuMoxrRFnPE80S', 'ROLE_ADMIN', 'admin', '085929251', 'CGV', 'Đà Nẵng', NULL),
(3, '2020-10-22', 'tamvo99.dev@gmail.com', 'Võ Văn Tâm', b'1', '$2a$10$BZ.UfZ634xi8IysA8ijBquTarfLt5I3RLQBkv8aUbyGUhz5ONFksW', 'ROLE_USER', 'luongle', '0859292354', '155555', '12225', NULL),
(6, '2020-10-22', '47@sv.dut.edu.vn', 'Võ Văn Tâm', b'0', '$2a$10$mYjtxHmwuvs7VcdsKsZr6O57Q3.YcVcYc.klpFxnAyRuNc1ixjHw.', 'ROLE_USER', 'vovantamvn123', '0859292354', '123', '213', NULL),
(9, '2020-10-14', 'vovantamvn@vn', 'Võ Văn Tâm', b'1', '$2a$10$WFi20xt4xnm2zb9rzr/Gf.WYENUTta6Xu2RCBDVKpgKn/lI.f/kHq', 'ROLE_ADMIN', 'manager', '0859292356', 'CGV', 'Đà Nẵng', NULL),
(10, NULL, 'admin1@gmail.com', 'admin1', b'0', '$2a$10$lCCHsa1BD3S0kH4R.xwUWuQEZfL.uzxhZ7A.5Bvm7jIcPfMac5cim', 'ROLE_ADMIN', 'admin1', NULL, NULL, NULL, NULL),
(11, NULL, 'admin22@gmail.com', 'admin2', b'0', '$2a$10$HfHYzH6E4/rSZSPVUc/3TOsEGpT2IOJi9fUtGopxRnzsfbsddtr.q', 'ROLE_EMPLOYEE', 'admin2', NULL, NULL, NULL, NULL),
(14, '2020-12-03', 'nguyenngocthienx27@gmail.com', 'Nguyễn Ngọc Thiện', b'1', '$2a$10$C3GguzsszQlsboVNMjK6RuYzk1fH/Jg4xa4SUyRBqdSF8XL0TrIBu', 'ROLE_USER', 'thienttx27', '0367543198', 'hn', 'h', NULL),
(15, NULL, 'tuannmph05746@fpt.edu.vn', 'hanh', b'0', '$2a$10$KzzMo8ETxzAZZJ1JUU7JMe0k5KGoxurFuQewQfTwmwdjMNCesoPgW', 'ROLE_EMPLOYEE', 'hanhst88', NULL, NULL, NULL, NULL),
(17, '1999-01-24', 'lo.hoangminh2401@gmail.com', 'qqqqqqqqqqq', b'1', '$2a$10$IJ0PgoDq5XbViJq47lodzeGcSDIi4OxfkzHw5G11yvTY/AixTnoP2', 'ROLE_USER', 'qqqqqqqqqqq', '0123456789', 'Coopmart', 'Da Nang', NULL),
(18, '2023-11-09', 'dang@gmail.com', 'nguyen huu dang', b'1', '$2a$10$a/R9jaTikQ5wvo0EA7AKZ.HoKi9nzLJ2Ri/LCnbYZq4daFCAU1GXS', 'ROLE_USER', 'dang', '0666326578', 'rap', 'đà nẵng', NULL),
(20, '2023-11-10', 'nguyentai123@gmail.com', 'tran ngoc tuan', b'1', '$2a$10$lNkcXp5TlEYVZk8NrKlN0eQ5S9Rd7r67G/L5uSqHTyDSbRKwCpqmi', 'ROLE_USER', 'dangshady123', '0887445123', 'ca', 'hà nội', NULL),
(24, NULL, 'duc@gmail.com', 'nguyen dat vang', b'0', '$2a$10$QdN8f.e7rs2AYjYSYOAlweikfh/JLswVMreHZ56Y1UZVwHuArRWSO', 'ROLE_EMPLOYEE', 'vnxxa', NULL, NULL, NULL, NULL),
(25, '2023-12-02', 'dnfff@gmail.com', 'nguyen xa bo', b'1', '$2a$10$lNND8gBrBZMMhPjZdfsD6.9/qqoGcr.VYe5rTMxvq4kCjjWP2NbVW', 'ROLE_USER', 'vfdd', '0388865555', 'ttt', 'đà nẵng', NULL),
(26, '2023-12-02', 'no134ggg@gmail.com', 'dao thi no', b'0', '$2a$10$mIFDIRNFAuKb4t5behzfi.5dYWpzs43IzLmGfy9Wee1mTAmfH5kGa', 'ROLE_USER', 'haha', '0977652111', NULL, NULL, NULL),
(27, '2023-12-01', 'nam44@gmail.com', 'nguyen ngoc nam', b'0', '$2a$10$c8zNFWhFWWUIF8E2R2PO2eQBJlCurlm4FFuyMtBPp4pehN6TzUrxW', 'ROLE_USER', 'nam', '0777654999', NULL, NULL, NULL);

--
-- Chỉ mục cho các bảng đã đổ
--

--
-- Chỉ mục cho bảng `chairs`
--
ALTER TABLE `chairs`
  ADD PRIMARY KEY (`id`),
  ADD UNIQUE KEY `UK_lsfed8w5hrcc6ngol7v89opdb` (`position`);

--
-- Chỉ mục cho bảng `cinemas`
--
ALTER TABLE `cinemas`
  ADD PRIMARY KEY (`id`),
  ADD KEY `FK5hbuhximwhq9xtmqtvodspmy4` (`city_id`);

--
-- Chỉ mục cho bảng `citys`
--
ALTER TABLE `citys`
  ADD PRIMARY KEY (`id`);

--
-- Chỉ mục cho bảng `movies`
--
ALTER TABLE `movies`
  ADD PRIMARY KEY (`id`);

--
-- Chỉ mục cho bảng `rooms`
--
ALTER TABLE `rooms`
  ADD PRIMARY KEY (`id`),
  ADD KEY `FKjp9bjtvlojbw581bpq23cpw4j` (`cinema_id`);

--
-- Chỉ mục cho bảng `room_chairs`
--
ALTER TABLE `room_chairs`
  ADD PRIMARY KEY (`id`),
  ADD KEY `FKke4xki8q4m1uywuq8plxyjrua` (`chair_id`),
  ADD KEY `FK2wpi3kqrjh6o3dx1enlqudwqs` (`room_id`);

--
-- Chỉ mục cho bảng `room_movie_schedules`
--
ALTER TABLE `room_movie_schedules`
  ADD PRIMARY KEY (`id`),
  ADD KEY `FKk6ubk7nndv7socboquftn617` (`movie_id`),
  ADD KEY `FK5dr3fw0jnuj9wmypgta4kr4vw` (`room_id`),
  ADD KEY `FKrqflt20fgh82yw7bx4pu2wt9y` (`schedule_id`);

--
-- Chỉ mục cho bảng `schedules`
--
ALTER TABLE `schedules`
  ADD PRIMARY KEY (`id`);

--
-- Chỉ mục cho bảng `tickets`
--
ALTER TABLE `tickets`
  ADD PRIMARY KEY (`id`),
  ADD KEY `FKnif95hrdv04q2dpffjrgb7mdt` (`room_chair_id`),
  ADD KEY `FKlvmnwqaladguonfvr4enspyfo` (`room_movie_schedule_id`),
  ADD KEY `FK4eqsebpimnjen0q46ja6fl2hl` (`user_id`);

--
-- Chỉ mục cho bảng `tokens`
--
ALTER TABLE `tokens`
  ADD PRIMARY KEY (`id`);

--
-- Chỉ mục cho bảng `users`
--
ALTER TABLE `users`
  ADD PRIMARY KEY (`id`),
  ADD UNIQUE KEY `UK_6dotkott2kjsp8vw4d0m25fb7` (`email`),
  ADD UNIQUE KEY `UK_r43af9ap4edm43mmtq01oddj6` (`username`);

--
-- AUTO_INCREMENT cho các bảng đã đổ
--

--
-- AUTO_INCREMENT cho bảng `chairs`
--
ALTER TABLE `chairs`
  MODIFY `id` int(11) NOT NULL AUTO_INCREMENT, AUTO_INCREMENT=61;

--
-- AUTO_INCREMENT cho bảng `cinemas`
--
ALTER TABLE `cinemas`
  MODIFY `id` int(11) NOT NULL AUTO_INCREMENT, AUTO_INCREMENT=10;

--
-- AUTO_INCREMENT cho bảng `citys`
--
ALTER TABLE `citys`
  MODIFY `id` int(11) NOT NULL AUTO_INCREMENT, AUTO_INCREMENT=4;

--
-- AUTO_INCREMENT cho bảng `movies`
--
ALTER TABLE `movies`
  MODIFY `id` int(11) NOT NULL AUTO_INCREMENT, AUTO_INCREMENT=43;

--
-- AUTO_INCREMENT cho bảng `rooms`
--
ALTER TABLE `rooms`
  MODIFY `id` int(11) NOT NULL AUTO_INCREMENT, AUTO_INCREMENT=47;

--
-- AUTO_INCREMENT cho bảng `room_chairs`
--
ALTER TABLE `room_chairs`
  MODIFY `id` int(11) NOT NULL AUTO_INCREMENT, AUTO_INCREMENT=2624;

--
-- AUTO_INCREMENT cho bảng `room_movie_schedules`
--
ALTER TABLE `room_movie_schedules`
  MODIFY `id` int(11) NOT NULL AUTO_INCREMENT, AUTO_INCREMENT=11;

--
-- AUTO_INCREMENT cho bảng `schedules`
--
ALTER TABLE `schedules`
  MODIFY `id` int(11) NOT NULL AUTO_INCREMENT, AUTO_INCREMENT=40;

--
-- AUTO_INCREMENT cho bảng `tickets`
--
ALTER TABLE `tickets`
  MODIFY `id` int(11) NOT NULL AUTO_INCREMENT, AUTO_INCREMENT=154;

--
-- AUTO_INCREMENT cho bảng `tokens`
--
ALTER TABLE `tokens`
  MODIFY `id` int(11) NOT NULL AUTO_INCREMENT, AUTO_INCREMENT=7;

--
-- AUTO_INCREMENT cho bảng `users`
--
ALTER TABLE `users`
  MODIFY `id` int(11) NOT NULL AUTO_INCREMENT, AUTO_INCREMENT=32;

--
-- Các ràng buộc cho các bảng đã đổ
--

--
-- Các ràng buộc cho bảng `cinemas`
--
ALTER TABLE `cinemas`
  ADD CONSTRAINT `FK5hbuhximwhq9xtmqtvodspmy4` FOREIGN KEY (`city_id`) REFERENCES `citys` (`id`);

--
-- Các ràng buộc cho bảng `rooms`
--
ALTER TABLE `rooms`
  ADD CONSTRAINT `FKjp9bjtvlojbw581bpq23cpw4j` FOREIGN KEY (`cinema_id`) REFERENCES `cinemas` (`id`);

--
-- Các ràng buộc cho bảng `room_chairs`
--
ALTER TABLE `room_chairs`
  ADD CONSTRAINT `FK2wpi3kqrjh6o3dx1enlqudwqs` FOREIGN KEY (`room_id`) REFERENCES `rooms` (`id`),
  ADD CONSTRAINT `FKke4xki8q4m1uywuq8plxyjrua` FOREIGN KEY (`chair_id`) REFERENCES `chairs` (`id`);

--
-- Các ràng buộc cho bảng `room_movie_schedules`
--
ALTER TABLE `room_movie_schedules`
  ADD CONSTRAINT `FK5dr3fw0jnuj9wmypgta4kr4vw` FOREIGN KEY (`room_id`) REFERENCES `rooms` (`id`),
  ADD CONSTRAINT `FKk6ubk7nndv7socboquftn617` FOREIGN KEY (`movie_id`) REFERENCES `movies` (`id`),
  ADD CONSTRAINT `FKrqflt20fgh82yw7bx4pu2wt9y` FOREIGN KEY (`schedule_id`) REFERENCES `schedules` (`id`);

--
-- Các ràng buộc cho bảng `tickets`
--
ALTER TABLE `tickets`
  ADD CONSTRAINT `FK4eqsebpimnjen0q46ja6fl2hl` FOREIGN KEY (`user_id`) REFERENCES `users` (`id`),
  ADD CONSTRAINT `FKlvmnwqaladguonfvr4enspyfo` FOREIGN KEY (`room_movie_schedule_id`) REFERENCES `room_movie_schedules` (`id`),
  ADD CONSTRAINT `FKnif95hrdv04q2dpffjrgb7mdt` FOREIGN KEY (`room_chair_id`) REFERENCES `room_chairs` (`id`);
COMMIT;

/*!40101 SET CHARACTER_SET_CLIENT=@OLD_CHARACTER_SET_CLIENT */;
/*!40101 SET CHARACTER_SET_RESULTS=@OLD_CHARACTER_SET_RESULTS */;
/*!40101 SET COLLATION_CONNECTION=@OLD_COLLATION_CONNECTION */;
